window,slice,n,acc,logloss,brier,tour
full,all,46195,0.6921203593462496,0.5739541815713326,0.19633407770587089,atp
full,tour:atp,46195,0.6921203593462496,0.5739541815713326,0.19633407770587089,atp
full,tour:wta,0,,,,atp
full,source_kind:historical,44066,0.6931761448735987,0.5728656757511569,0.19587721586752393,atp
full,source_kind:stats,1933,0.6663217796171754,0.5961038128746938,0.2061172827036767,atp
full,source_kind:fresh,82,0.6829268292682927,0.6083710801884641,0.20920285014826565,atp
full,source_kind:live,114,0.7280701754385965,0.5943811506578048,0.19778933356167927,atp
full,source_kind:lower,0,,,,atp
full,date_basis:played_date,249,0.6586345381526104,0.6259074261454293,0.21542765613579284,atp
full,date_basis:event_start,97,0.7319587628865979,0.6004075822060715,0.20616905826367707,atp
full,date_basis:unknown,45849,0.6922179327793408,0.5736160643220901,0.19620957566344555,atp
full,hard,26959,0.6936644534292815,0.5720644676112503,0.1955098079696767,atp
full,clay,14297,0.6876967195915227,0.5770617005017835,0.1979130078845084,atp
full,grass,4939,0.6964972666531687,0.57527359855882,0.19626271165081477,atp
full,low-main-experience,3089,0.7741987698284234,0.48830656137437495,0.15972178871812137,atp
full,both-top-50,11155,0.6872254594352308,0.5767350213542163,0.1973632479357039,atp
full,outside-top-50,34722,0.6931628362421519,0.5734103279311996,0.19616483274302948,atp
full,missing-rank,1039,0.7820019249278152,0.4923996970248318,0.16083763201837045,atp
full,inactive-120d,1729,0.7724117987275883,0.4766588398610568,0.1564849287161437,atp
full,no-prior-serve-evidence,951,0.788117770767613,0.47749939306302597,0.15509442867014067,atp
tune,all,28357,0.7041118595055894,0.562589485710041,0.1913635518155743,atp
tune,tour:atp,28357,0.7041118595055894,0.562589485710041,0.1913635518155743,atp
tune,tour:wta,0,,,,atp
tune,source_kind:historical,28357,0.7041118595055894,0.562589485710041,0.1913635518155743,atp
tune,source_kind:stats,0,,,,atp
tune,source_kind:fresh,0,,,,atp
tune,source_kind:live,0,,,,atp
tune,source_kind:lower,0,,,,atp
tune,date_basis:played_date,0,,,,atp
tune,date_basis:event_start,0,,,,atp
tune,date_basis:unknown,28357,0.7041118595055894,0.562589485710041,0.1913635518155743,atp
tune,hard,16341,0.7056789670154825,0.560658027776633,0.19048664283777972,atp
tune,clay,8912,0.6995062836624776,0.5651219366850823,0.19286796651697372,atp
tune,grass,3104,0.7090850515463918,0.5654866348724933,0.19166066063879253,atp
tune,low-main-experience,2007,0.784504235176881,0.47552096636066254,0.15448001335811534,atp
tune,both-top-50,7044,0.698892674616695,0.5676544855655957,0.19330597642001104,atp
tune,outside-top-50,21173,0.7053322627875124,0.5613901906140741,0.19090074790832243,atp
tune,missing-rank,647,0.7890262751159196,0.47730546341671226,0.15587042818199656,atp
tune,inactive-120d,1105,0.7832579185520362,0.46280740430726,0.15121013820481496,atp
tune,no-prior-serve-evidence,676,0.7892011834319527,0.4653214541333083,0.15124669040779498,atp
validation,all,17838,0.6730575176589304,0.59202059487656,0.20423570359841156,atp
validation,tour:atp,17838,0.6730575176589304,0.59202059487656,0.20423570359841156,atp
validation,tour:wta,0,,,,atp
validation,source_kind:historical,15709,0.673435610159781,0.5914156739048222,0.20402502741002415,atp
validation,source_kind:stats,1933,0.6663217796171754,0.5961038128746938,0.2061172827036767,atp
validation,source_kind:fresh,82,0.6829268292682927,0.6083710801884641,0.20920285014826565,atp
validation,source_kind:live,114,0.7280701754385965,0.5943811506578048,0.19778933356167927,atp
validation,source_kind:lower,0,,,,atp
validation,date_basis:played_date,249,0.6586345381526104,0.6259074261454293,0.21542765613579284,atp
validation,date_basis:event_start,97,0.7319587628865979,0.6004075822060715,0.20616905826367707,atp
validation,date_basis:unknown,17492,0.6729361994054425,0.5914917040260621,0.20406566406123236,atp
validation,hard,10618,0.6751742324354869,0.5896188689427143,0.20324041085348998,atp
validation,clay,5385,0.6681522748375116,0.5968216216038155,0.20626238739564484,atp
validation,grass,1835,0.6752043596730245,0.5918287676500231,0.2040473254607967,atp
validation,low-main-experience,1082,0.755083179297597,0.5120225402953741,0.16944474911325275,atp
validation,both-top-50,4111,0.6672342495743128,0.5922940809735409,0.20431518677212826,atp
validation,outside-top-50,13549,0.6741456934091077,0.5921941767329932,0.20439100945018515,atp
validation,missing-rank,392,0.7704081632653061,0.517312883617825,0.169036052636059,atp
validation,inactive-120d,624,0.7532051282051282,0.5011874236542386,0.16582570357995496,atp
validation,no-prior-serve-evidence,275,0.7854545454545454,0.5074349811229867,0.16455286890776133,atp
full,all,42197,0.6764817404080858,0.593585975687277,0.20440310333290435,wta
full,tour:atp,0,,,,wta
full,tour:wta,42197,0.6764817404080858,0.593585975687277,0.20440310333290435,wta
full,source_kind:historical,36849,0.6774539336209938,0.5923377148788375,0.20386225963076737,wta
full,source_kind:stats,4937,0.6672068057524813,0.6042427824514617,0.20909442368163933,wta
full,source_kind:fresh,404,0.7004950495049505,0.5737308443820188,0.1949648617677788,wta
full,source_kind:live,7,0.7142857142857143,0.7944403446493791,0.2874817619976562,wta
full,source_kind:lower,0,,,,wta
full,date_basis:played_date,233,0.7296137339055794,0.538829838021253,0.18168645348948173,wta
full,date_basis:event_start,13,0.6923076923076923,0.6232413835961774,0.21576497241977857,wta
full,date_basis:unknown,41951,0.6761817358346642,0.5938809069111661,0.20452575297451925,wta
full,hard,26435,0.6785700775487044,0.5915888558138748,0.20355687494768815,wta
full,clay,11474,0.6760066236709081,0.5918900460586023,0.20369707664530695,wta
full,grass,4288,0.6648787313432836,0.6104360130969783,0.21150921284239227,wta
full,low-main-experience,12694,0.6998975894123208,0.5708118488781955,0.19456993774964437,wta
full,both-top-50,10066,0.648917146830916,0.6203989588911346,0.21592355798402293,wta
full,outside-top-50,31147,0.685266638841622,0.5851376396454121,0.20076799568314405,wta
full,missing-rank,1745,0.7234957020057307,0.5461873784803015,0.18348754200982495,wta
full,inactive-120d,4401,0.7233583276528062,0.5463968256213714,0.18401129153549245,wta
full,no-prior-serve-evidence,2683,0.7318300409988818,0.5408732368359788,0.1812142799654933,wta
full,selected-wta-lower,12694,0.6998975894123208,0.5708118488781955,0.19456993774964437,wta
full,protected-wta-main,29503,0.6664068060875166,0.6033848017630823,0.20863393422853882,wta
tune,all,26794,0.6794058371277152,0.5907120326873051,0.20308082956174472,wta
tune,tour:atp,0,,,,wta
tune,tour:wta,26794,0.6794058371277152,0.5907120326873051,0.20308082956174472,wta
tune,source_kind:historical,26794,0.6794058371277152,0.5907120326873051,0.20308082956174472,wta
tune,source_kind:stats,0,,,,wta
tune,source_kind:fresh,0,,,,wta
tune,source_kind:live,0,,,,wta
tune,source_kind:lower,0,,,,wta
tune,date_basis:played_date,0,,,,wta
tune,date_basis:event_start,13,0.6923076923076923,0.6232413835961774,0.21576497241977857,wta
tune,date_basis:unknown,26781,0.6793995743250812,0.5906962423298945,0.20307467244075766,wta
tune,hard,16755,0.6805132796180244,0.5879037412316221,0.2019343275448989,wta
tune,clay,7341,0.6806974526631249,0.5915805458076138,0.20344157876683308,wta
tune,grass,2698,0.6690140845070423,0.6057888186486782,0.2092192214734193,wta
tune,low-main-experience,8095,0.7027794935145152,0.5675062844481237,0.19309354610664337,wta
tune,both-top-50,6628,0.6550995775497888,0.6148107554948664,0.2134767582596067,wta
tune,outside-top-50,19649,0.6874650109420327,0.5826261804817263,0.1996002739774088,wta
tune,missing-rank,1124,0.7491103202846975,0.5276343797239427,0.17484881827828402,wta
tune,inactive-120d,2721,0.7317162807791253,0.5417303625409062,0.18166997277690397,wta
tune,no-prior-serve-evidence,2470,0.7267206477732794,0.5483220877699054,0.18430358947871783,wta
tune,selected-wta-lower,8095,0.7027794935145152,0.5675062844481237,0.19309354610664337,wta
tune,protected-wta-main,18699,0.6692871276538852,0.6007580529020854,0.20740443293994923,wta
validation,all,15403,0.6713951827566058,0.5985852893756005,0.20670323989230527,wta
validation,tour:atp,0,,,,wta
validation,tour:wta,15403,0.6713951827566058,0.5985852893756005,0.20670323989230527,wta
validation,source_kind:historical,10055,0.6722526106414719,0.5966697415958853,0.20594457064711666,wta
validation,source_kind:stats,4937,0.6672068057524813,0.6042427824514617,0.20909442368163933,wta
validation,source_kind:fresh,404,0.7004950495049505,0.5737308443820188,0.1949648617677788,wta
validation,source_kind:live,7,0.7142857142857143,0.7944403446493791,0.2874817619976562,wta
validation,source_kind:lower,0,,,,wta
validation,date_basis:played_date,233,0.7296137339055794,0.538829838021253,0.18168645348948173,wta
validation,date_basis:event_start,0,,,,wta
validation,date_basis:unknown,15170,0.6705009887936717,0.5995030889909968,0.20708747926157736,wta
validation,hard,9680,0.675206611570248,0.5979673780066066,0.2063653234739003,wta
validation,clay,4133,0.6676748124848778,0.5924397778133831,0.20415088983811527,wta
validation,grass,1590,0.6578616352201258,0.6183216298400691,0.2153949969389263,wta
validation,low-main-experience,4599,0.6948249619482496,0.5766301885306049,0.19716863101994073,wta
validation,both-top-50,3438,0.6369982547993019,0.631172260842986,0.22064065762725468,wta
validation,outside-top-50,11498,0.6815098277961384,0.5894294870195002,0.20276352219175361,wta
validation,missing-rank,621,0.677133655394525,0.5797680074692668,0.19912349285403114,wta
validation,inactive-120d,1680,0.7098214285714286,0.5539548292177674,0.18780339173913482,wta
validation,no-prior-serve-evidence,213,0.7910798122065728,0.45449454290734503,0.14538989265251404,wta
validation,selected-wta-lower,4599,0.6948249619482496,0.5766301885306049,0.19716863101994073,wta
validation,protected-wta-main,10804,0.661421695668271,0.6079310417623216,0.21076189096635228,wta
