tour,winner_name,loser_name,tourney_id,recorded_event_id,round,score,date,recorded_date,played_date,event_start,event_end,date_basis,date_correction,date_evidence,source_kind,source_file,walk_date_changed,event_id_changed
atp,Arthur Cazaux,Botic van de Zandschulp,2024-6242,2024-6242,R64,6-1 7-6(3),2024-08-18,2024-08-19,,2024-08-18,2024-08-24,event_start,conflicting-event-start,reviewed-atp-event:2024-6242,historical,raw/atp/historical/2024.csv,True,False
atp,Christopher O'Connell,Strong Kirchheimer,2024-6242,2024-6242,R64,7-5 6-4,2024-08-18,2024-08-19,,2024-08-18,2024-08-24,event_start,conflicting-event-start,reviewed-atp-event:2024-6242,historical,raw/atp/historical/2024.csv,True,False
atp,Learner Tien,Tristan Schoolkate,2024-6242,2024-6242,R64,3-6 6-2 6-3,2024-08-18,2024-08-19,,2024-08-18,2024-08-24,event_start,conflicting-event-start,reviewed-atp-event:2024-6242,historical,raw/atp/historical/2024.csv,True,False
atp,Arthur Rinderknech,Christopher O'Connell,2024-6242,2024-6242,R32,6-3 6-4,2024-08-18,2024-08-19,,2024-08-18,2024-08-24,event_start,conflicting-event-start,reviewed-atp-event:2024-6242,historical,raw/atp/historical/2024.csv,True,False
atp,Learner Tien,Fabian Marozsan,2024-6242,2024-6242,R32,6-2 6-7(1) 7-6(2),2024-08-18,2024-08-19,,2024-08-18,2024-08-24,event_start,conflicting-event-start,reviewed-atp-event:2024-6242,historical,raw/atp/historical/2024.csv,True,False
atp,Learner Tien,Thiago Seyboth Wild,2024-6242,2024-6242,R16,6-4 6-3,2024-08-18,2024-08-19,,2024-08-18,2024-08-24,event_start,conflicting-event-start,reviewed-atp-event:2024-6242,historical,raw/atp/historical/2024.csv,True,False
atp,Pablo Carreno Busta,Learner Tien,2024-6242,2024-6242,QF,6-4 6-2,2024-08-18,2024-08-19,,2024-08-18,2024-08-24,event_start,conflicting-event-start,reviewed-atp-event:2024-6242,historical,raw/atp/historical/2024.csv,True,False
atp,Jan-Lennard Struff,Alexander Shevchenko,2024-341,2024-341,R32,3-6 6-4 6-4,2024-11-03,2024-11-04,,2024-11-03,2024-11-09,event_start,conflicting-event-start,reviewed-atp-event:2024-341,historical,raw/atp/historical/2024.csv,True,False
atp,Pierre-Hugues Herbert,Pedro Martinez,2024-341,2024-341,R32,6-3 3-6 7-6(4),2024-11-03,2024-11-04,,2024-11-03,2024-11-09,event_start,conflicting-event-start,reviewed-atp-event:2024-341,historical,raw/atp/historical/2024.csv,True,False
atp,Yunchaokete Bu,Adrian Mannarino,2024-341,2024-341,R32,7-6(4) 6-4,2024-11-03,2024-11-04,,2024-11-03,2024-11-09,event_start,conflicting-event-start,reviewed-atp-event:2024-341,historical,raw/atp/historical/2024.csv,True,False
atp,Corentin Moutet,Jan-Lennard Struff,2024-341,2024-341,R16,7-6(2) 5-7 6-3,2024-11-03,2024-11-04,,2024-11-03,2024-11-09,event_start,conflicting-event-start,reviewed-atp-event:2024-341,historical,raw/atp/historical/2024.csv,True,False
atp,Quentin Halys,Pierre-Hugues Herbert,2024-341,2024-341,R16,6-1 4-6 6-4,2024-11-03,2024-11-04,,2024-11-03,2024-11-09,event_start,conflicting-event-start,reviewed-atp-event:2024-341,historical,raw/atp/historical/2024.csv,True,False
atp,Yunchaokete Bu,Jesper de Jong,2024-341,2024-341,R16,6-4 7-6(1),2024-11-03,2024-11-04,,2024-11-03,2024-11-09,event_start,conflicting-event-start,reviewed-atp-event:2024-341,historical,raw/atp/historical/2024.csv,True,False
atp,Alex Michelsen,Yunchaokete Bu,2024-341,2024-341,QF,6-7(6) 6-2 6-4,2024-11-03,2024-11-04,,2024-11-03,2024-11-09,event_start,conflicting-event-start,reviewed-atp-event:2024-341,historical,raw/atp/historical/2024.csv,True,False
atp,Christopher O'Connell,Miomir Kecmanovic,2024-4787,2024-4787,R32,6-1 6-1,2024-11-03,2024-11-04,,2024-11-03,2024-11-09,event_start,conflicting-event-start,reviewed-atp-event:2024-4787,historical,raw/atp/historical/2024.csv,True,False
atp,Christopher O'Connell,Daniel Altmaier,2024-4787,2024-4787,R16,6-3 6-1,2024-11-03,2024-11-04,,2024-11-03,2024-11-09,event_start,conflicting-event-start,reviewed-atp-event:2024-4787,historical,raw/atp/historical/2024.csv,True,False
atp,Denis Shapovalov,Christopher O'Connell,2024-4787,2024-4787,QF,6-2 6-2,2024-11-03,2024-11-04,,2024-11-03,2024-11-09,event_start,conflicting-event-start,reviewed-atp-event:2024-4787,historical,raw/atp/historical/2024.csv,True,False
atp,Ben Shelton,Emilio Nava,2026-308,2026-416,R32,7-6(4) 3-6 6-3,2026-04-13,2026-04-13,2026-04-13,,,played_date,exact-result-event-id,atp:shelton-nava-munich-2026-monday,stats,raw/atp/stats/2026.csv,False,True
atp,Mariano Navone,Raphael Collignon,2026-422,2026-422,R128,6-3 7-6(3),2026-08-13,2026-08-14,2026-08-13,,,played_date,,espn-competition-local-date,stats,raw/atp/stats/2026.csv,True,False
atp,Miomir Kecmanovic,Camilo Ugo Carabelli,2026-422,2026-422,R128,6-3 6-3,2026-08-13,2026-08-14,2026-08-13,,,played_date,,espn-competition-local-date,stats,raw/atp/stats/2026.csv,True,False
atp,Martin Landaluce,Jack Draper,2026-422,2026-422,R128,6-3 7-5,2026-08-13,2026-08-14,2026-08-13,,,played_date,,espn-competition-local-date,stats,raw/atp/stats/2026.csv,True,False
atp,Cameron Norrie,Dino Prizmic,2026-422,2026-422,R128,3-6 6-1 6-4,2026-08-13,2026-08-14,2026-08-13,,,played_date,,espn-competition-local-date,stats,raw/atp/stats/2026.csv,True,False
atp,Denis Shapovalov,Adrian Mannarino,2026-422,2026-422,R128,6-1 6-4,2026-08-13,2026-08-14,2026-08-13,,,played_date,,espn-competition-local-date,stats,raw/atp/stats/2026.csv,True,False
atp,Jan-Lennard Struff,Roman Andres Burruchaga,2026-422,2026-422,R128,7-6(4) 2-6 6-3,2026-08-13,2026-08-14,2026-08-13,,,played_date,,espn-competition-local-date,stats,raw/atp/stats/2026.csv,True,False
atp,Thiago Agustin Tirante,Jan Choinski,2026-422,2026-422,R128,7-6(9) 6-7(7) 7-6(4),2026-08-13,2026-08-14,2026-08-13,,,played_date,,espn-competition-local-date,stats,raw/atp/stats/2026.csv,True,False
atp,Rinky Hijikata,Gael Monfils,2026-422,2026-422,R128,2-6 7-6(5) 6-3,2026-08-13,2026-08-14,2026-08-13,,,played_date,,espn-competition-local-date,stats,raw/atp/stats/2026.csv,True,False
atp,Terence Atmane,Marton Fucsovics,2026-422,2026-422,R128,3-1 RET,2026-08-13,2026-08-14,2026-08-13,,,played_date,,espn-competition-local-date,stats,raw/atp/stats/2026.csv,True,False
atp,Mattia Bellucci,Zachary Svajda,2026-422,2026-422,R128,7-6(0) 7-6(4),2026-08-13,2026-08-14,2026-08-13,,,played_date,,espn-competition-local-date,stats,raw/atp/stats/2026.csv,True,False
atp,Nuno Borges,Thanasi Kokkinakis,2026-422,2026-422,R128,5-7 7-6(3) 7-6(4),2026-08-14,2026-08-15,2026-08-14,,,played_date,,espn-competition-local-date,stats,raw/atp/stats/2026.csv,True,False
atp,Adam Walton,Nicolas Mejia,2026-422,2026-422,R128,7-6(5) 6-0,2026-08-14,2026-08-15,2026-08-14,,,played_date,,espn-competition-local-date,stats,raw/atp/stats/2026.csv,True,False
atp,Jaime Faria,Jenson Brooksby,2026-422,2026-422,R128,6-3 6-2,2026-08-14,2026-08-15,2026-08-14,,,played_date,,espn-competition-local-date,stats,raw/atp/stats/2026.csv,True,False
atp,Daniel Merida,Marin Cilic,2026-422,2026-422,R128,3-6 6-1 6-1,2026-08-14,2026-08-15,2026-08-14,,,played_date,,espn-competition-local-date,stats,raw/atp/stats/2026.csv,True,False
atp,Marco Trungelliti,Hamad Medjedovic,2026-422,2026-422,R128,7-5 7-6(2),2026-08-14,2026-08-15,2026-08-14,,,played_date,,espn-competition-local-date,stats,raw/atp/stats/2026.csv,True,False
atp,Michael Zheng,Fabian Marozsan,2026-422,2026-422,R128,3-6 6-1 7-6(1),2026-08-14,2026-08-15,2026-08-14,,,played_date,,espn-competition-local-date,stats,raw/atp/stats/2026.csv,True,False
atp,Aleksandar Kovacevic,Karen Khachanov,2026-422,2026-422,R128,5-7 6-3 7-6(2),2026-08-14,2026-08-15,2026-08-14,,,played_date,,espn-competition-local-date,stats,raw/atp/stats/2026.csv,True,False
atp,Terence Atmane,Tomas Martin Etcheverry,2026-422,2026-422,R64,6-3 7-6(4),2026-08-15,2026-08-16,2026-08-15,,,played_date,,espn-competition-local-date,stats,raw/atp/stats/2026.csv,True,False
atp,Thiago Agustin Tirante,Novak Djokovic,2026-422,2026-422,R64,2-6 6-4 6-4,2026-08-15,2026-08-16,2026-08-15,,,played_date,,espn-competition-local-date,stats,raw/atp/stats/2026.csv,True,False
atp,Alex de Minaur,Quentin Halys,2026-422,2026-422,R64,1-6 6-3 7-6(4),2026-08-15,2026-08-16,2026-08-15,,,played_date,,espn-competition-local-date,stats,raw/atp/stats/2026.csv,True,False
atp,Jakub Mensik,Mattia Bellucci,2026-422,2026-422,R64,7-5 2-6 7-6(5),2026-08-15,2026-08-16,2026-08-15,,,played_date,,espn-competition-local-date,stats,raw/atp/stats/2026.csv,True,False
atp,Adolfo Daniel Vallejo,Valentin Vacherot,2026-422,2026-422,R64,6-3 6-3,2026-08-15,2026-08-16,2026-08-15,,,played_date,,espn-competition-local-date,stats,raw/atp/stats/2026.csv,True,False
atp,Rinky Hijikata,Luciano Darderi,2026-422,2026-422,R64,6-4 6-2,2026-08-15,2026-08-16,2026-08-15,,,played_date,,espn-competition-local-date,stats,raw/atp/stats/2026.csv,True,False
atp,Alejandro Tabilo,Jan-Lennard Struff,2026-422,2026-422,R64,6-3 6-4,2026-08-15,2026-08-16,2026-08-15,,,played_date,,espn-competition-local-date,stats,raw/atp/stats/2026.csv,True,False
atp,Alexander Blockx,Mariano Navone,2026-422,2026-422,R64,6-3 6-4,2026-08-15,2026-08-16,2026-08-15,,,played_date,,espn-competition-local-date,stats,raw/atp/stats/2026.csv,True,False
atp,Martin Landaluce,Matteo Arnaldi,2026-422,2026-422,R64,6-4 4-6 6-4,2026-08-15,2026-08-16,2026-08-15,,,played_date,,espn-competition-local-date,stats,raw/atp/stats/2026.csv,True,False
atp,Arthur Fery,James Duckworth,2026-422,2026-422,R64,6-4 2-6 7-6(4),2026-08-15,2026-08-16,2026-08-15,,,played_date,,espn-competition-local-date,stats,raw/atp/stats/2026.csv,True,False
atp,Tommy Paul,Hubert Hurkacz,2026-422,2026-422,R64,6-4 6-7(3) 6-3,2026-08-15,2026-08-16,2026-08-15,,,played_date,,espn-competition-local-date,stats,raw/atp/stats/2026.csv,True,False
atp,Jiri Lehecka,Matteo Berrettini,2026-422,2026-422,R64,6-4 6-7(3) 6-3,2026-08-15,2026-08-16,2026-08-15,,,played_date,,espn-competition-local-date,stats,raw/atp/stats/2026.csv,True,False
atp,Rafael Jodar,Denis Shapovalov,2026-422,2026-422,R64,7-5 4-6 7-5,2026-08-15,2026-08-16,2026-08-15,,,played_date,,espn-competition-local-date,stats,raw/atp/stats/2026.csv,True,False
atp,Arthur Fils,Yannick Hanfmann,2026-422,2026-422,R64,7-6(5) 6-1,2026-08-15,2026-08-16,2026-08-15,,,played_date,,espn-competition-local-date,stats,raw/atp/stats/2026.csv,True,False
atp,Alexander Zverev,Cameron Norrie,2026-422,2026-422,R64,3-6 6-3 6-3,2026-08-15,2026-08-16,2026-08-15,,,played_date,,espn-competition-local-date,stats,raw/atp/stats/2026.csv,True,False
atp,Andrey Rublev,Pablo Carreno Busta,2026-422,2026-422,R64,7-6(5) 6-1,2026-08-16,2026-08-17,2026-08-16,,,played_date,,espn-competition-local-date,stats,raw/atp/stats/2026.csv,True,False
atp,Learner Tien,Sebastian Baez,2026-422,2026-422,R64,6-3 7-6(4),2026-08-16,2026-08-17,2026-08-16,,,played_date,,espn-competition-local-date,stats,raw/atp/stats/2026.csv,True,False
atp,Brandon Nakashima,Aleksandar Kovacevic,2026-422,2026-422,R64,6-2 7-5,2026-08-16,2026-08-17,2026-08-16,,,played_date,,espn-competition-local-date,stats,raw/atp/stats/2026.csv,True,False
atp,Adam Walton,Ignacio Buse,2026-422,2026-422,R64,6-4 6-3,2026-08-16,2026-08-17,2026-08-16,,,played_date,,espn-competition-local-date,stats,raw/atp/stats/2026.csv,True,False
atp,Daniel Merida,Zizou Bergs,2026-422,2026-422,R64,6-3 6-2,2026-08-16,2026-08-17,2026-08-16,,,played_date,,espn-competition-local-date,stats,raw/atp/stats/2026.csv,True,False
atp,Jaime Faria,Ben Shelton,2026-422,2026-422,R64,6-4 6-4,2026-08-16,2026-08-17,2026-08-16,,,played_date,,espn-competition-local-date,stats,raw/atp/stats/2026.csv,True,False
atp,Frances Tiafoe,Lorenzo Sonego,2026-422,2026-422,R64,6-3 6-4,2026-08-16,2026-08-17,2026-08-16,,,played_date,,espn-competition-local-date,stats,raw/atp/stats/2026.csv,True,False
atp,Alex de Minaur,Arthur Fery,2026-422,2026-422,R32,7-5 7-6(3),2026-08-17,2026-08-18,2026-08-17,,,played_date,,espn-competition-local-date,stats,raw/atp/stats/2026.csv,True,False
atp,Rafael Jodar,Alejandro Tabilo,2026-422,2026-422,R32,6-2 6-1,2026-08-17,2026-08-18,2026-08-17,,,played_date,,espn-competition-local-date,stats,raw/atp/stats/2026.csv,True,False
atp,Alexander Zverev,Terence Atmane,2026-422,2026-422,R32,7-6(4) 7-6(6),2026-08-17,2026-08-18,2026-08-17,,,played_date,,espn-competition-local-date,stats,raw/atp/stats/2026.csv,True,False
atp,Jakub Mensik,Rinky Hijikata,2026-422,2026-422,R32,6-3 6-4,2026-08-17,2026-08-18,2026-08-17,,,played_date,,espn-competition-local-date,stats,raw/atp/stats/2026.csv,True,False
atp,Arthur Fils,Jiri Lehecka,2026-422,2026-422,R32,6-1 6-7(7) 6-3,2026-08-17,2026-08-18,2026-08-17,,,played_date,,espn-competition-local-date,stats,raw/atp/stats/2026.csv,True,False
atp,Tommy Paul,Adolfo Daniel Vallejo,2026-422,2026-422,R32,3-6 6-3 6-4,2026-08-17,2026-08-18,2026-08-17,,,played_date,,espn-competition-local-date,stats,raw/atp/stats/2026.csv,True,False
atp,Brandon Nakashima,Daniil Medvedev,2026-422,2026-422,R32,6-7(3) 7-6(4) 6-1,2026-08-18,2026-08-19,2026-08-18,,,played_date,,espn-competition-local-date,stats,raw/atp/stats/2026.csv,True,False
atp,Jaime Faria,Adam Walton,2026-422,2026-422,R32,4-6 6-4 7-6(3),2026-08-18,2026-08-19,2026-08-18,,,played_date,,espn-competition-local-date,stats,raw/atp/stats/2026.csv,True,False
atp,Felix Auger-Aliassime,Juan Manuel Cerundolo,2026-422,2026-422,R32,7-5 6-1,2026-08-18,2026-08-19,2026-08-18,,,played_date,,espn-competition-local-date,stats,raw/atp/stats/2026.csv,True,False
atp,Frances Tiafoe,Learner Tien,2026-422,2026-422,R32,6-4 4-6 6-4,2026-08-18,2026-08-19,2026-08-18,,,played_date,,espn-competition-local-date,stats,raw/atp/stats/2026.csv,True,False
atp,Christopher O'Connell,Joao Fonseca,2026-422,2026-422,R32,W/O,2026-08-18,2026-08-19,2026-08-18,,,played_date,,espn-competition-local-date,stats,raw/atp/stats/2026.csv,True,False
atp,Tommy Paul,Alexander Zverev,2026-422,2026-422,R16,4-6 7-6(6) 6-4,2026-08-19,2026-08-20,2026-08-19,,,played_date,,espn-competition-local-date,stats,raw/atp/stats/2026.csv,True,False
atp,Arthur Fils,Alex de Minaur,2026-422,2026-422,R16,6-3 6-4,2026-08-19,2026-08-20,2026-08-19,,,played_date,,espn-competition-local-date,stats,raw/atp/stats/2026.csv,True,False
atp,Brandon Nakashima,Nuno Borges,2026-422,2026-422,R16,6-3 6-7(5) 6-3,2026-08-19,2026-08-20,2026-08-19,,,played_date,,espn-competition-local-date,stats,raw/atp/stats/2026.csv,True,False
atp,Lorenzo Musetti,Jaime Faria,2026-422,2026-422,R16,7-5 6-2,2026-08-19,2026-08-20,2026-08-19,,,played_date,,espn-competition-local-date,stats,raw/atp/stats/2026.csv,True,False
atp,Frances Tiafoe,Felix Auger-Aliassime,2026-422,2026-422,R16,6-3 6-4,2026-08-19,2026-08-20,2026-08-19,,,played_date,,espn-competition-local-date,stats,raw/atp/stats/2026.csv,True,False
atp,Taylor Fritz,Christopher O'Connell,2026-422,2026-422,R16,6-4 6-3,2026-08-19,2026-08-20,2026-08-19,,,played_date,,espn-competition-local-date,stats,raw/atp/stats/2026.csv,True,False
atp,Flavio Cobolli,Tommy Paul,2026-422,2026-422,QF,2-6 6-3 6-4,2026-08-20,2026-08-21,2026-08-20,,,played_date,,espn-competition-local-date,stats,raw/atp/stats/2026.csv,True,False
atp,Arthur Fils,Thiago Agustin Tirante,2026-422,2026-422,QF,6-3 6-2,2026-08-20,2026-08-22,2026-08-20,,,played_date,,espn-competition-local-date,stats,raw/atp/stats/2026.csv,True,False
atp,Brandon Nakashima,Taylor Fritz,2026-422,2026-422,QF,7-6(9) 4-6 6-3,2026-08-21,2026-08-22,2026-08-21,,,played_date,,espn-competition-local-date,stats,raw/atp/stats/2026.csv,True,False
atp,Frances Tiafoe,Lorenzo Musetti,2026-422,2026-422,QF,7-6(2) 7-5,2026-08-21,2026-08-22,2026-08-21,,,played_date,,espn-competition-local-date,stats,raw/atp/stats/2026.csv,True,False
atp,Frances Tiafoe,Brandon Nakashima,2026-422,2026-422,SF,7-5 6-3,2026-08-22,2026-08-23,2026-08-22,,,played_date,,espn-competition-local-date,stats,raw/atp/stats/2026.csv,True,False
atp,Arthur Fils,Frances Tiafoe,2026-422,2026-422,F,6-3 1-6 6-0,2026-08-23,2026-08-24,2026-08-23,,,played_date,,espn-competition-local-date,stats,raw/atp/stats/2026.csv,True,False
atp,Rinky Hijikata,Darwin Blanch,2026-6242,2026-6242,R64,6-4 7-6(2),2026-08-23,2026-08-24,2026-08-23,,,played_date,,espn-competition-local-date,stats,raw/atp/stats/2026.csv,True,False
atp,Mattia Bellucci,Martin Landaluce,2026-6242,2026-6242,R64,6-4 6-7(3) 6-1,2026-08-23,2026-08-24,2026-08-23,,,played_date,,espn-competition-local-date,stats,raw/atp/stats/2026.csv,True,False
atp,Jenson Brooksby,Giovanni Mpetshi Perricard,2026-6242,2026-6242,R64,6-3 6-2,2026-08-23,2026-08-24,2026-08-23,,,played_date,,espn-competition-local-date,stats,raw/atp/stats/2026.csv,True,False
atp,Miomir Kecmanovic,Sho Shimabukuro,2026-6242,2026-6242,R64,6-4 6-3,2026-08-23,2026-08-24,2026-08-23,,,played_date,,espn-competition-local-date,stats,raw/atp/stats/2026.csv,True,False
atp,Adolfo Daniel Vallejo,Pablo Carreno Busta,2026-6242,2026-6242,R64,6-4 3-0 RET,2026-08-23,2026-08-24,2026-08-23,,,played_date,,espn-competition-local-date,stats,raw/atp/stats/2026.csv,True,False
atp,Mees Rottgering,Jan Choinski,2026-6242,2026-6242,R64,7-5 2-6 6-4,2026-08-24,2026-08-25,2026-08-24,,,played_date,,espn-competition-local-date,stats,raw/atp/stats/2026.csv,True,False
atp,Benjamin Bonzi,Kamil Majchrzak,2026-6242,2026-6242,R64,6-4 7-6(7),2026-08-24,2026-08-25,2026-08-24,,,played_date,,espn-competition-local-date,stats,raw/atp/stats/2026.csv,True,False
atp,Martin Damm,Abdullah Shelbayh,2026-6242,2026-6242,R64,6-4 7-6(2),2026-08-24,2026-08-25,2026-08-24,,,played_date,,espn-competition-local-date,stats,raw/atp/stats/2026.csv,True,False
atp,Cruz Hewitt,Sebastian Gorzny,2026-6242,2026-6242,R64,1-6 7-6(3) 6-4,2026-08-24,2026-08-25,2026-08-24,,,played_date,,espn-competition-local-date,stats,raw/atp/stats/2026.csv,True,False
atp,Lorenzo Sonego,Pierre-Hugues Herbert,2026-6242,2026-6242,R64,7-6(4) 4-6 6-3,2026-08-24,2026-08-25,2026-08-24,,,played_date,,espn-competition-local-date,stats,raw/atp/stats/2026.csv,True,False
atp,Adam Walton,Jesper de Jong,2026-6242,2026-6242,R64,6-2 6-4,2026-08-24,2026-08-25,2026-08-24,,,played_date,,espn-competition-local-date,stats,raw/atp/stats/2026.csv,True,False
atp,Hugo Grenier,Roman Safiullin,2026-6242,2026-6242,R64,7-6(6) 4-6 6-3,2026-08-24,2026-08-25,2026-08-24,,,played_date,,espn-competition-local-date,stats,raw/atp/stats/2026.csv,True,False
atp,Aleksandar Kovacevic,Felix Balshaw,2026-6242,2026-6242,R64,6-4 7-6(4),2026-08-24,2026-08-25,2026-08-24,,,played_date,,espn-competition-local-date,stats,raw/atp/stats/2026.csv,True,False
atp,Stefanos Tsitsipas,Jenson Brooksby,2026-6242,2026-6242,R32,6-4 7-6(6),2026-08-24,2026-08-25,2026-08-24,,,played_date,,espn-competition-local-date,stats,raw/atp/stats/2026.csv,True,False
atp,Daniel Altmaier,Francisco Comesana,2026-6242,2026-6242,R32,6-1 7-6(6),2026-08-24,2026-08-25,2026-08-24,,,played_date,,espn-competition-local-date,stats,raw/atp/stats/2026.csv,True,False
atp,Arthur Fery,Cruz Hewitt,2026-6242,2026-6242,R32,6-1 7-5,2026-08-25,2026-08-26,2026-08-25,,,played_date,,espn-competition-local-date,stats,raw/atp/stats/2026.csv,True,False
atp,Ignacio Buse,Adam Walton,2026-6242,2026-6242,R32,6-2 5-7 6-3,2026-08-25,2026-08-26,2026-08-25,,,played_date,,espn-competition-local-date,stats,raw/atp/stats/2026.csv,True,False
atp,Juan Manuel Cerundolo,Dhakshineswar Suresh,2026-6242,2026-6242,R32,7-6(10) 6-3,2026-08-25,2026-08-26,2026-08-25,,,played_date,,espn-competition-local-date,stats,raw/atp/stats/2026.csv,True,False
atp,Aleksandar Kovacevic,Luca Van Assche,2026-6242,2026-6242,R32,6-1 7-6(6),2026-08-25,2026-08-26,2026-08-25,,,played_date,,espn-competition-local-date,stats,raw/atp/stats/2026.csv,True,False
atp,Benjamin Bonzi,Quentin Halys,2026-6242,2026-6242,R32,2-6 7-6(5) 6-3,2026-08-25,2026-08-26,2026-08-25,,,played_date,,espn-competition-local-date,stats,raw/atp/stats/2026.csv,True,False
atp,Lorenzo Sonego,Adrian Mannarino,2026-6242,2026-6242,R32,6-1 7-6(5),2026-08-25,2026-08-26,2026-08-25,,,played_date,,espn-competition-local-date,stats,raw/atp/stats/2026.csv,True,False
atp,Martin Damm,Daniil Medvedev,2026-6242,2026-6242,R32,7-5 6-3,2026-08-25,2026-08-26,2026-08-25,,,played_date,,espn-competition-local-date,stats,raw/atp/stats/2026.csv,True,False
atp,Rinky Hijikata,Raphael Collignon,2026-6242,2026-6242,R32,3-6 7-6(7) 7-6(5),2026-08-25,2026-08-26,2026-08-25,,,played_date,,espn-competition-local-date,stats,raw/atp/stats/2026.csv,True,False
atp,James Duckworth,Mariano Navone,2026-6242,2026-6242,R32,6-3 7-6(5),2026-08-25,2026-08-26,2026-08-25,,,played_date,,espn-competition-local-date,stats,raw/atp/stats/2026.csv,True,False
atp,Sebastian Baez,Hugo Grenier,2026-6242,2026-6242,R32,7-5 7-6(2),2026-08-25,2026-08-26,2026-08-25,,,played_date,,espn-competition-local-date,stats,raw/atp/stats/2026.csv,True,False
atp,Mees Rottgering,Tomas Machac,2026-6242,2026-6242,R32,6-2 7-6(1),2026-08-25,2026-08-26,2026-08-25,,,played_date,,espn-competition-local-date,stats,raw/atp/stats/2026.csv,True,False
atp,Fabian Marozsan,Miomir Kecmanovic,2026-6242,2026-6242,R32,6-3 6-4,2026-08-25,2026-08-26,2026-08-25,,,played_date,,espn-competition-local-date,stats,raw/atp/stats/2026.csv,True,False
atp,Aleksandar Kovacevic,Stefanos Tsitsipas,2026-6242,2026-6242,R16,6-3 7-6(1),2026-08-26,2026-08-27,2026-08-26,,,played_date,,espn-competition-local-date,stats,raw/atp/stats/2026.csv,True,False
atp,Ignacio Buse,Daniel Altmaier,2026-6242,2026-6242,R16,7-6(5) 7-5,2026-08-26,2026-08-27,2026-08-26,,,played_date,,espn-competition-local-date,stats,raw/atp/stats/2026.csv,True,False
atp,Arthur Fery,Mees Rottgering,2026-6242,2026-6242,R16,6-3 6-3,2026-08-26,2026-08-27,2026-08-26,,,played_date,,espn-competition-local-date,stats,raw/atp/stats/2026.csv,True,False
atp,Juan Manuel Cerundolo,Sebastian Baez,2026-6242,2026-6242,R16,6-2 4-0 RET,2026-08-26,2026-08-27,2026-08-26,,,played_date,,espn-competition-local-date,stats,raw/atp/stats/2026.csv,True,False
atp,James Duckworth,Lorenzo Sonego,2026-6242,2026-6242,R16,7-5 6-3,2026-08-26,2026-08-27,2026-08-26,,,played_date,,espn-competition-local-date,stats,raw/atp/stats/2026.csv,True,False
atp,Fabian Marozsan,Martin Damm,2026-6242,2026-6242,R16,2-6 6-3 6-3,2026-08-26,2026-08-27,2026-08-26,,,played_date,,espn-competition-local-date,stats,raw/atp/stats/2026.csv,True,False
atp,Ignacio Buse,Juan Manuel Cerundolo,2026-6242,2026-6242,QF,7-6(4) 4-6 6-2,2026-08-27,2026-08-28,2026-08-27,,,played_date,,espn-competition-local-date,stats,raw/atp/stats/2026.csv,True,False
atp,Arthur Fery,Aleksandar Kovacevic,2026-6242,2026-6242,QF,3-6 7-5 6-3,2026-08-27,2026-08-28,2026-08-27,,,played_date,,espn-competition-local-date,stats,raw/atp/stats/2026.csv,True,False
atp,James Duckworth,Fabian Marozsan,2026-6242,2026-6242,QF,6-7(4) 6-2 6-4,2026-08-27,2026-08-28,2026-08-27,,,played_date,,espn-competition-local-date,stats,raw/atp/stats/2026.csv,True,False
atp,Ignacio Buse,Benjamin Bonzi,2026-6242,2026-6242,SF,6-2 4-6 6-1,2026-08-28,2026-08-29,2026-08-28,,,played_date,,espn-competition-local-date,stats,raw/atp/stats/2026.csv,True,False
atp,Arthur Fery,James Duckworth,2026-6242,2026-6242,SF,6-4 1-2 RET,2026-08-28,2026-08-29,2026-08-28,,,played_date,,espn-competition-local-date,stats,raw/atp/stats/2026.csv,True,False
atp,Ignacio Buse,Arthur Fery,2026-6242,2026-6242,F,6-3 6-2,2026-08-29,2026-08-30,2026-08-29,,,played_date,,espn-competition-local-date,stats,raw/atp/stats/2026.csv,True,False
wta,Varvara Lepchenko,Ana Vrljic,2016-1090,2016-1090,R32,6-1 7-5,2016-05-30,2016-05-30,2016-05-31,2016-05-31,2016-06-05,event_start,mixed-date-bases-event-start,wta-httpcache:f68c244bbcc3316cf0b3f66a7ce3a6bdc380087bb016d2e8e0d10f6f475d77b8,historical,raw/wta/historical/2016.csv,False,False
wta,Mandy Minella,Evgeniya Rodina,2016-1090,2016-1090,R32,6-3 1-6 7-5,2016-05-30,2016-05-30,2016-06-01,2016-05-31,2016-06-05,event_start,mixed-date-bases-event-start,wta-httpcache:f68c244bbcc3316cf0b3f66a7ce3a6bdc380087bb016d2e8e0d10f6f475d77b8,historical,raw/wta/historical/2016.csv,False,False
wta,Sachia Vickery,Tena Lukas,2016-1090,2016-1090,R32,6-2 7-5,2016-05-30,2016-05-30,2016-05-31,2016-05-31,2016-06-05,event_start,mixed-date-bases-event-start,wta-httpcache:f68c244bbcc3316cf0b3f66a7ce3a6bdc380087bb016d2e8e0d10f6f475d77b8,historical,raw/wta/historical/2016.csv,False,False
wta,Ysaline Bonaventure,Shuai Zhang,2016-1090,2016-1090,R32,6-4 7-6(2),2016-05-30,2016-05-30,2016-06-01,2016-05-31,2016-06-05,event_start,mixed-date-bases-event-start,wta-httpcache:f68c244bbcc3316cf0b3f66a7ce3a6bdc380087bb016d2e8e0d10f6f475d77b8,historical,raw/wta/historical/2016.csv,False,False
wta,Tereza Mrdeza,Ani Mijacika,2016-1090,2016-1090,R32,6-3 6-4,2016-05-30,2016-05-30,2016-06-01,2016-05-31,2016-06-05,event_start,mixed-date-bases-event-start,wta-httpcache:f68c244bbcc3316cf0b3f66a7ce3a6bdc380087bb016d2e8e0d10f6f475d77b8,historical,raw/wta/historical/2016.csv,False,False
wta,Ipek Soylu,Julia Glushko,2016-1090,2016-1090,R32,6-3 0-6 6-1,2016-05-30,2016-05-30,2016-05-31,2016-05-31,2016-06-05,event_start,mixed-date-bases-event-start,wta-httpcache:f68c244bbcc3316cf0b3f66a7ce3a6bdc380087bb016d2e8e0d10f6f475d77b8,historical,raw/wta/historical/2016.csv,False,False
wta,Ana Konjuh,Grace Min,2016-1090,2016-1090,R32,6-1 6-3,2016-05-30,2016-05-30,2016-06-01,2016-05-31,2016-06-05,event_start,mixed-date-bases-event-start,wta-httpcache:f68c244bbcc3316cf0b3f66a7ce3a6bdc380087bb016d2e8e0d10f6f475d77b8,historical,raw/wta/historical/2016.csv,False,False
wta,Jennifer Brady,Patricia Maria Tig,2016-1090,2016-1090,R32,6-2 6-1,2016-05-30,2016-05-30,2016-05-31,2016-05-31,2016-06-05,event_start,mixed-date-bases-event-start,wta-httpcache:f68c244bbcc3316cf0b3f66a7ce3a6bdc380087bb016d2e8e0d10f6f475d77b8,historical,raw/wta/historical/2016.csv,False,False
wta,Ivana Jorovic,Isabella Shinikova,2016-1090,2016-1090,R32,7-5 6-2,2016-05-30,2016-05-30,2016-05-31,2016-05-31,2016-06-05,event_start,mixed-date-bases-event-start,wta-httpcache:f68c244bbcc3316cf0b3f66a7ce3a6bdc380087bb016d2e8e0d10f6f475d77b8,historical,raw/wta/historical/2016.csv,False,False
wta,Nao Hibino,Marine Partaud,2016-1090,2016-1090,R32,6-2 6-1,2016-05-30,2016-05-30,2016-06-01,2016-05-31,2016-06-05,event_start,mixed-date-bases-event-start,wta-httpcache:f68c244bbcc3316cf0b3f66a7ce3a6bdc380087bb016d2e8e0d10f6f475d77b8,historical,raw/wta/historical/2016.csv,False,False
wta,Polona Hercog,Petra Martic,2016-1090,2016-1090,R32,6-2 4-6 6-1,2016-05-30,2016-05-30,2016-06-01,2016-05-31,2016-06-05,event_start,mixed-date-bases-event-start,wta-httpcache:f68c244bbcc3316cf0b3f66a7ce3a6bdc380087bb016d2e8e0d10f6f475d77b8,historical,raw/wta/historical/2016.csv,False,False
wta,Elitsa Kostova,Ekaterina Alexandrova,2016-1090,2016-1090,R32,6-1 7-6(4),2016-05-30,2016-05-30,2016-05-31,2016-05-31,2016-06-05,event_start,mixed-date-bases-event-start,wta-httpcache:f68c244bbcc3316cf0b3f66a7ce3a6bdc380087bb016d2e8e0d10f6f475d77b8,historical,raw/wta/historical/2016.csv,False,False
wta,Anna Tatishvili,Paula Kania,2016-1090,2016-1090,R32,6-4 6-7(4) 7-5,2016-05-30,2016-05-30,2016-05-31,2016-05-31,2016-06-05,event_start,mixed-date-bases-event-start,wta-httpcache:f68c244bbcc3316cf0b3f66a7ce3a6bdc380087bb016d2e8e0d10f6f475d77b8,historical,raw/wta/historical/2016.csv,False,False
wta,Kristina Kucova,Anna Karolina Schmiedlova,2016-1090,2016-1090,R32,6-4 6-0,2016-05-30,2016-05-30,2016-06-01,2016-05-31,2016-06-05,event_start,mixed-date-bases-event-start,wta-httpcache:f68c244bbcc3316cf0b3f66a7ce3a6bdc380087bb016d2e8e0d10f6f475d77b8,historical,raw/wta/historical/2016.csv,False,False
wta,Mandy Minella,Varvara Lepchenko,2016-1090,2016-1090,R16,6-1 6-7(4) 6-4,2016-05-30,2016-05-30,2016-06-02,2016-05-31,2016-06-05,event_start,mixed-date-bases-event-start,wta-httpcache:f68c244bbcc3316cf0b3f66a7ce3a6bdc380087bb016d2e8e0d10f6f475d77b8,historical,raw/wta/historical/2016.csv,False,False
wta,Marina Erakovic,Sachia Vickery,2016-1090,2016-1090,R16,6-4 6-4,2016-05-30,2016-05-30,2016-06-02,2016-05-31,2016-06-05,event_start,mixed-date-bases-event-start,wta-httpcache:f68c244bbcc3316cf0b3f66a7ce3a6bdc380087bb016d2e8e0d10f6f475d77b8,historical,raw/wta/historical/2016.csv,False,False
wta,Tereza Mrdeza,Ysaline Bonaventure,2016-1090,2016-1090,R16,6-3 6-3,2016-05-30,2016-05-30,2016-06-02,2016-05-31,2016-06-05,event_start,mixed-date-bases-event-start,wta-httpcache:f68c244bbcc3316cf0b3f66a7ce3a6bdc380087bb016d2e8e0d10f6f475d77b8,historical,raw/wta/historical/2016.csv,False,False
wta,Ana Konjuh,Ipek Soylu,2016-1090,2016-1090,R16,6-2 6-1,2016-05-30,2016-05-30,2016-06-02,2016-05-31,2016-06-05,event_start,mixed-date-bases-event-start,wta-httpcache:f68c244bbcc3316cf0b3f66a7ce3a6bdc380087bb016d2e8e0d10f6f475d77b8,historical,raw/wta/historical/2016.csv,False,False
wta,Stefanie Voegele,Jennifer Brady,2016-1090,2016-1090,R16,6-4 4-6 7-5,2016-05-30,2016-05-30,2016-06-02,2016-05-31,2016-06-05,event_start,mixed-date-bases-event-start,wta-httpcache:f68c244bbcc3316cf0b3f66a7ce3a6bdc380087bb016d2e8e0d10f6f475d77b8,historical,raw/wta/historical/2016.csv,False,False
wta,Nao Hibino,Ivana Jorovic,2016-1090,2016-1090,R16,6-2 7-6(5),2016-05-30,2016-05-30,2016-06-02,2016-05-31,2016-06-05,event_start,mixed-date-bases-event-start,wta-httpcache:f68c244bbcc3316cf0b3f66a7ce3a6bdc380087bb016d2e8e0d10f6f475d77b8,historical,raw/wta/historical/2016.csv,False,False
wta,Polona Hercog,Elitsa Kostova,2016-1090,2016-1090,R16,6-1 6-0,2016-05-30,2016-05-30,2016-06-02,2016-05-31,2016-06-05,event_start,mixed-date-bases-event-start,wta-httpcache:f68c244bbcc3316cf0b3f66a7ce3a6bdc380087bb016d2e8e0d10f6f475d77b8,historical,raw/wta/historical/2016.csv,False,False
wta,Kristina Kucova,Anna Tatishvili,2016-1090,2016-1090,R16,6-7(1) 6-2 6-4,2016-05-30,2016-05-30,2016-06-02,2016-05-31,2016-06-05,event_start,mixed-date-bases-event-start,wta-httpcache:f68c244bbcc3316cf0b3f66a7ce3a6bdc380087bb016d2e8e0d10f6f475d77b8,historical,raw/wta/historical/2016.csv,False,False
wta,Polona Hercog,Nao Hibino,2016-1090,2016-1090,SF,6-0 6-2,2016-05-30,2016-05-30,2016-06-04,2016-05-31,2016-06-05,event_start,mixed-date-bases-event-start,wta-httpcache:f68c244bbcc3316cf0b3f66a7ce3a6bdc380087bb016d2e8e0d10f6f475d77b8,historical,raw/wta/historical/2016.csv,False,False
wta,Mandy Minella,Polona Hercog,2016-1090,2016-1090,F,6-2 6-3,2016-05-30,2016-05-30,2016-06-05,2016-05-31,2016-06-05,event_start,mixed-date-bases-event-start,wta-httpcache:f68c244bbcc3316cf0b3f66a7ce3a6bdc380087bb016d2e8e0d10f6f475d77b8,historical,raw/wta/historical/2016.csv,False,False
wta,Arina Rodionova,Chang Liu,2017-1099,2017-1099,R32,7-6(2) 7-6(4),2017-04-17,2017-04-17,2017-04-18,2017-04-17,2017-04-23,event_start,mixed-date-bases-event-start,wta-httpcache:f68c244bbcc3316cf0b3f66a7ce3a6bdc380087bb016d2e8e0d10f6f475d77b8,historical,raw/wta/historical/2017.csv,False,False
wta,Su Jeong Jang,Na Lae Han,2017-1099,2017-1099,R32,6-4 6-1,2017-04-17,2017-04-17,2017-04-18,2017-04-17,2017-04-23,event_start,mixed-date-bases-event-start,wta-httpcache:f68c244bbcc3316cf0b3f66a7ce3a6bdc380087bb016d2e8e0d10f6f475d77b8,historical,raw/wta/historical/2017.csv,False,False
wta,Kurumi Nara,Lin Zhu,2017-1099,2017-1099,R32,6-4 7-5,2017-04-17,2017-04-17,2017-04-18,2017-04-17,2017-04-23,event_start,mixed-date-bases-event-start,wta-httpcache:f68c244bbcc3316cf0b3f66a7ce3a6bdc380087bb016d2e8e0d10f6f475d77b8,historical,raw/wta/historical/2017.csv,False,False
wta,Saisai Zheng,Jia Jing Lu,2017-1099,2017-1099,R32,6-2 6-2,2017-04-17,2017-04-17,2017-04-18,2017-04-17,2017-04-23,event_start,mixed-date-bases-event-start,wta-httpcache:f68c244bbcc3316cf0b3f66a7ce3a6bdc380087bb016d2e8e0d10f6f475d77b8,historical,raw/wta/historical/2017.csv,False,False
wta,Zarina Diyas,Xinyun Han,2017-1099,2017-1099,R32,6-2 6-0,2017-04-17,2017-04-17,2017-04-18,2017-04-17,2017-04-23,event_start,mixed-date-bases-event-start,wta-httpcache:f68c244bbcc3316cf0b3f66a7ce3a6bdc380087bb016d2e8e0d10f6f475d77b8,historical,raw/wta/historical/2017.csv,False,False
wta,Shiho Akita,Mayo Hibi,2017-1099,2017-1099,R32,6-2 6-4,2017-04-17,2017-04-17,2017-04-18,2017-04-17,2017-04-23,event_start,mixed-date-bases-event-start,wta-httpcache:f68c244bbcc3316cf0b3f66a7ce3a6bdc380087bb016d2e8e0d10f6f475d77b8,historical,raw/wta/historical/2017.csv,False,False
wta,Riko Sawayanagi,Miyu Kato,2017-1099,2017-1099,R32,7-6(4) 6-0,2017-04-17,2017-04-17,2017-04-18,2017-04-17,2017-04-23,event_start,mixed-date-bases-event-start,wta-httpcache:f68c244bbcc3316cf0b3f66a7ce3a6bdc380087bb016d2e8e0d10f6f475d77b8,historical,raw/wta/historical/2017.csv,False,False
wta,Qiang Wang,Valentini Grammatikopoulou,2017-1099,2017-1099,R16,4-6 7-5 6-2,2017-04-17,2017-04-17,2017-04-19,2017-04-17,2017-04-23,event_start,mixed-date-bases-event-start,wta-httpcache:f68c244bbcc3316cf0b3f66a7ce3a6bdc380087bb016d2e8e0d10f6f475d77b8,historical,raw/wta/historical/2017.csv,False,False
wta,Fangzhou Liu,Zhaoxuan Yang,2017-1099,2017-1099,R16,6-1 6-4,2017-04-17,2017-04-17,2017-04-19,2017-04-17,2017-04-23,event_start,mixed-date-bases-event-start,wta-httpcache:f68c244bbcc3316cf0b3f66a7ce3a6bdc380087bb016d2e8e0d10f6f475d77b8,historical,raw/wta/historical/2017.csv,False,False
wta,Ying Ying Duan,Arina Rodionova,2017-1099,2017-1099,R16,4-6 6-4 7-6(5),2017-04-17,2017-04-17,2017-04-20,2017-04-17,2017-04-23,event_start,mixed-date-bases-event-start,wta-httpcache:f68c244bbcc3316cf0b3f66a7ce3a6bdc380087bb016d2e8e0d10f6f475d77b8,historical,raw/wta/historical/2017.csv,False,False
wta,Saisai Zheng,Sabina Sharipova,2017-1099,2017-1099,R16,6-2 4-6 6-3,2017-04-17,2017-04-17,2017-04-20,2017-04-17,2017-04-23,event_start,mixed-date-bases-event-start,wta-httpcache:f68c244bbcc3316cf0b3f66a7ce3a6bdc380087bb016d2e8e0d10f6f475d77b8,historical,raw/wta/historical/2017.csv,False,False
wta,Nao Hibino,Eri Hozumi,2017-1099,2017-1099,R16,6-3 6-2,2017-04-17,2017-04-17,2017-04-19,2017-04-17,2017-04-23,event_start,mixed-date-bases-event-start,wta-httpcache:f68c244bbcc3316cf0b3f66a7ce3a6bdc380087bb016d2e8e0d10f6f475d77b8,historical,raw/wta/historical/2017.csv,False,False
wta,Zarina Diyas,Shiho Akita,2017-1099,2017-1099,R16,6-2 6-4,2017-04-17,2017-04-17,2017-04-20,2017-04-17,2017-04-23,event_start,mixed-date-bases-event-start,wta-httpcache:f68c244bbcc3316cf0b3f66a7ce3a6bdc380087bb016d2e8e0d10f6f475d77b8,historical,raw/wta/historical/2017.csv,False,False
wta,Shuai Peng,Riko Sawayanagi,2017-1099,2017-1099,R16,6-1 6-4,2017-04-17,2017-04-17,2017-04-19,2017-04-17,2017-04-23,event_start,mixed-date-bases-event-start,wta-httpcache:f68c244bbcc3316cf0b3f66a7ce3a6bdc380087bb016d2e8e0d10f6f475d77b8,historical,raw/wta/historical/2017.csv,False,False
wta,Qiang Wang,Fangzhou Liu,2017-1099,2017-1099,QF,6-2 6-3,2017-04-17,2017-04-17,2017-04-21,2017-04-17,2017-04-23,event_start,mixed-date-bases-event-start,wta-httpcache:f68c244bbcc3316cf0b3f66a7ce3a6bdc380087bb016d2e8e0d10f6f475d77b8,historical,raw/wta/historical/2017.csv,False,False
wta,Ying Ying Duan,Su Jeong Jang,2017-1099,2017-1099,QF,6-4 7-5,2017-04-17,2017-04-17,2017-04-21,2017-04-17,2017-04-23,event_start,mixed-date-bases-event-start,wta-httpcache:f68c244bbcc3316cf0b3f66a7ce3a6bdc380087bb016d2e8e0d10f6f475d77b8,historical,raw/wta/historical/2017.csv,False,False
wta,Saisai Zheng,Nao Hibino,2017-1099,2017-1099,QF,6-3 6-4,2017-04-17,2017-04-17,2017-04-21,2017-04-17,2017-04-23,event_start,mixed-date-bases-event-start,wta-httpcache:f68c244bbcc3316cf0b3f66a7ce3a6bdc380087bb016d2e8e0d10f6f475d77b8,historical,raw/wta/historical/2017.csv,False,False
wta,Shuai Peng,Zarina Diyas,2017-1099,2017-1099,QF,6-3 6-3,2017-04-17,2017-04-17,2017-04-21,2017-04-17,2017-04-23,event_start,mixed-date-bases-event-start,wta-httpcache:f68c244bbcc3316cf0b3f66a7ce3a6bdc380087bb016d2e8e0d10f6f475d77b8,historical,raw/wta/historical/2017.csv,False,False
wta,Qiang Wang,Ying Ying Duan,2017-1099,2017-1099,SF,7-6(11) 6-2,2017-04-17,2017-04-17,2017-04-22,2017-04-17,2017-04-23,event_start,mixed-date-bases-event-start,wta-httpcache:f68c244bbcc3316cf0b3f66a7ce3a6bdc380087bb016d2e8e0d10f6f475d77b8,historical,raw/wta/historical/2017.csv,False,False
wta,Shuai Peng,Saisai Zheng,2017-1099,2017-1099,SF,7-6(2) 7-6(5),2017-04-17,2017-04-17,2017-04-22,2017-04-17,2017-04-23,event_start,mixed-date-bases-event-start,wta-httpcache:f68c244bbcc3316cf0b3f66a7ce3a6bdc380087bb016d2e8e0d10f6f475d77b8,historical,raw/wta/historical/2017.csv,False,False
wta,Mandy Minella,Nicole Gibbs,2017-1090,2017-1090,R32,6-4 6-2,2017-06-05,2017-06-05,2017-06-06,2017-06-06,2017-06-11,event_start,mixed-date-bases-event-start,wta-httpcache:f68c244bbcc3316cf0b3f66a7ce3a6bdc380087bb016d2e8e0d10f6f475d77b8,historical,raw/wta/historical/2017.csv,False,False
wta,Chia Jung Chuang,Tamara Zidansek,2017-1090,2017-1090,R32,6-4 6-4,2017-06-05,2017-06-05,2017-06-06,2017-06-06,2017-06-11,event_start,mixed-date-bases-event-start,wta-httpcache:f68c244bbcc3316cf0b3f66a7ce3a6bdc380087bb016d2e8e0d10f6f475d77b8,historical,raw/wta/historical/2017.csv,False,False
wta,Tena Lukas,Xenia Knoll,2017-1090,2017-1090,R32,6-3 6-1,2017-06-05,2017-06-05,2017-06-07,2017-06-06,2017-06-11,event_start,mixed-date-bases-event-start,wta-httpcache:f68c244bbcc3316cf0b3f66a7ce3a6bdc380087bb016d2e8e0d10f6f475d77b8,historical,raw/wta/historical/2017.csv,False,False
wta,Kateryna Bondarenko,Viktoriya Tomova,2017-1090,2017-1090,R32,7-6(4) 1-6 6-1,2017-06-05,2017-06-05,2017-06-06,2017-06-06,2017-06-11,event_start,mixed-date-bases-event-start,wta-httpcache:f68c244bbcc3316cf0b3f66a7ce3a6bdc380087bb016d2e8e0d10f6f475d77b8,historical,raw/wta/historical/2017.csv,False,False
wta,Alison Van Uytvanck,Renata Voracova,2017-1090,2017-1090,R32,6-0 6-4,2017-06-05,2017-06-05,2017-06-06,2017-06-06,2017-06-11,event_start,mixed-date-bases-event-start,wta-httpcache:f68c244bbcc3316cf0b3f66a7ce3a6bdc380087bb016d2e8e0d10f6f475d77b8,historical,raw/wta/historical/2017.csv,False,False
wta,Maria Sakkari,Ajla Tomljanovic,2017-1090,2017-1090,R32,6-4 4-6 6-1,2017-06-05,2017-06-05,2017-06-07,2017-06-06,2017-06-11,event_start,mixed-date-bases-event-start,wta-httpcache:f68c244bbcc3316cf0b3f66a7ce3a6bdc380087bb016d2e8e0d10f6f475d77b8,historical,raw/wta/historical/2017.csv,False,False
wta,Ivana Jorovic,Kristina Kucova,2017-1090,2017-1090,R32,6-0 7-5,2017-06-05,2017-06-05,2017-06-07,2017-06-06,2017-06-11,event_start,mixed-date-bases-event-start,wta-httpcache:f68c244bbcc3316cf0b3f66a7ce3a6bdc380087bb016d2e8e0d10f6f475d77b8,historical,raw/wta/historical/2017.csv,False,False
wta,Lina Gjorcheska,Ana Biskic,2017-1090,2017-1090,R32,6-1 6-1,2017-06-05,2017-06-05,2017-06-06,2017-06-06,2017-06-11,event_start,mixed-date-bases-event-start,wta-httpcache:f68c244bbcc3316cf0b3f66a7ce3a6bdc380087bb016d2e8e0d10f6f475d77b8,historical,raw/wta/historical/2017.csv,False,False
wta,Olga Govortsova,Maryna Zanevska,2017-1090,2017-1090,R32,6-3 6-4,2017-06-05,2017-06-05,2017-06-06,2017-06-06,2017-06-11,event_start,mixed-date-bases-event-start,wta-httpcache:f68c244bbcc3316cf0b3f66a7ce3a6bdc380087bb016d2e8e0d10f6f475d77b8,historical,raw/wta/historical/2017.csv,False,False
wta,Aleksandra Krunic,Sara Sorribes Tormo,2017-1090,2017-1090,R32,7-5 6-4,2017-06-05,2017-06-05,2017-06-07,2017-06-06,2017-06-11,event_start,mixed-date-bases-event-start,wta-httpcache:f68c244bbcc3316cf0b3f66a7ce3a6bdc380087bb016d2e8e0d10f6f475d77b8,historical,raw/wta/historical/2017.csv,False,False
wta,Sara Errani,Aleksandrina Naydenova,2017-1090,2017-1090,R32,6-1 6-4,2017-06-05,2017-06-05,2017-06-07,2017-06-06,2017-06-11,event_start,mixed-date-bases-event-start,wta-httpcache:f68c244bbcc3316cf0b3f66a7ce3a6bdc380087bb016d2e8e0d10f6f475d77b8,historical,raw/wta/historical/2017.csv,False,False
wta,Olga Saez Larra,Misa Eguchi,2017-1090,2017-1090,R32,6-0 6-3,2017-06-05,2017-06-05,2017-06-06,2017-06-06,2017-06-11,event_start,mixed-date-bases-event-start,wta-httpcache:f68c244bbcc3316cf0b3f66a7ce3a6bdc380087bb016d2e8e0d10f6f475d77b8,historical,raw/wta/historical/2017.csv,False,False
wta,Beatriz Haddad Maia,Alexandra Panova,2017-1090,2017-1090,R32,6-2 6-2,2017-06-05,2017-06-05,2017-06-06,2017-06-06,2017-06-11,event_start,mixed-date-bases-event-start,wta-httpcache:f68c244bbcc3316cf0b3f66a7ce3a6bdc380087bb016d2e8e0d10f6f475d77b8,historical,raw/wta/historical/2017.csv,False,False
wta,Johanna Larsson,Elitsa Kostova,2017-1090,2017-1090,R32,6-2 6-3,2017-06-05,2017-06-05,2017-06-07,2017-06-06,2017-06-11,event_start,mixed-date-bases-event-start,wta-httpcache:f68c244bbcc3316cf0b3f66a7ce3a6bdc380087bb016d2e8e0d10f6f475d77b8,historical,raw/wta/historical/2017.csv,False,False
wta,Mandy Minella,Chia Jung Chuang,2017-1090,2017-1090,R16,6-2 7-6(6),2017-06-05,2017-06-05,2017-06-08,2017-06-06,2017-06-11,event_start,mixed-date-bases-event-start,wta-httpcache:f68c244bbcc3316cf0b3f66a7ce3a6bdc380087bb016d2e8e0d10f6f475d77b8,historical,raw/wta/historical/2017.csv,False,False
wta,Kateryna Bondarenko,Tena Lukas,2017-1090,2017-1090,R16,6-0 6-2,2017-06-05,2017-06-05,2017-06-08,2017-06-06,2017-06-11,event_start,mixed-date-bases-event-start,wta-httpcache:f68c244bbcc3316cf0b3f66a7ce3a6bdc380087bb016d2e8e0d10f6f475d77b8,historical,raw/wta/historical/2017.csv,False,False
wta,Ivana Jorovic,Lina Gjorcheska,2017-1090,2017-1090,R16,6-4 5-7 6-2,2017-06-05,2017-06-05,2017-06-08,2017-06-06,2017-06-11,event_start,mixed-date-bases-event-start,wta-httpcache:f68c244bbcc3316cf0b3f66a7ce3a6bdc380087bb016d2e8e0d10f6f475d77b8,historical,raw/wta/historical/2017.csv,False,False
wta,Aleksandra Krunic,Olga Govortsova,2017-1090,2017-1090,R16,6-0 6-4,2017-06-05,2017-06-05,2017-06-08,2017-06-06,2017-06-11,event_start,mixed-date-bases-event-start,wta-httpcache:f68c244bbcc3316cf0b3f66a7ce3a6bdc380087bb016d2e8e0d10f6f475d77b8,historical,raw/wta/historical/2017.csv,False,False
wta,Sara Errani,Olga Saez Larra,2017-1090,2017-1090,R16,7-5 6-3,2017-06-05,2017-06-05,2017-06-08,2017-06-06,2017-06-11,event_start,mixed-date-bases-event-start,wta-httpcache:f68c244bbcc3316cf0b3f66a7ce3a6bdc380087bb016d2e8e0d10f6f475d77b8,historical,raw/wta/historical/2017.csv,False,False
wta,Beatriz Haddad Maia,Johanna Larsson,2017-1090,2017-1090,R16,7-6(3) 6-1,2017-06-05,2017-06-05,2017-06-08,2017-06-06,2017-06-11,event_start,mixed-date-bases-event-start,wta-httpcache:f68c244bbcc3316cf0b3f66a7ce3a6bdc380087bb016d2e8e0d10f6f475d77b8,historical,raw/wta/historical/2017.csv,False,False
wta,Mandy Minella,Kateryna Bondarenko,2017-1090,2017-1090,QF,6-2 6-1,2017-06-05,2017-06-05,2017-06-09,2017-06-06,2017-06-11,event_start,mixed-date-bases-event-start,wta-httpcache:f68c244bbcc3316cf0b3f66a7ce3a6bdc380087bb016d2e8e0d10f6f475d77b8,historical,raw/wta/historical/2017.csv,False,False
wta,Aleksandra Krunic,Ivana Jorovic,2017-1090,2017-1090,QF,6-3 6-1,2017-06-05,2017-06-05,2017-06-09,2017-06-06,2017-06-11,event_start,mixed-date-bases-event-start,wta-httpcache:f68c244bbcc3316cf0b3f66a7ce3a6bdc380087bb016d2e8e0d10f6f475d77b8,historical,raw/wta/historical/2017.csv,False,False
wta,Beatriz Haddad Maia,Sara Errani,2017-1090,2017-1090,QF,6-1 6-4,2017-06-05,2017-06-05,2017-06-09,2017-06-06,2017-06-11,event_start,mixed-date-bases-event-start,wta-httpcache:f68c244bbcc3316cf0b3f66a7ce3a6bdc380087bb016d2e8e0d10f6f475d77b8,historical,raw/wta/historical/2017.csv,False,False
wta,Aleksandra Krunic,Beatriz Haddad Maia,2017-1090,2017-1090,SF,1-6 6-2 6-0,2017-06-05,2017-06-05,2017-06-10,2017-06-06,2017-06-11,event_start,mixed-date-bases-event-start,wta-httpcache:f68c244bbcc3316cf0b3f66a7ce3a6bdc380087bb016d2e8e0d10f6f475d77b8,historical,raw/wta/historical/2017.csv,False,False
wta,Pauline Parmentier,Caroline Garcia,2019-1072,2019-1072,R32,6-2 6-2,2019-12-16,2019-12-16,2019-12-18,2019-12-16,2019-12-22,event_start,mixed-date-bases-event-start,wta-httpcache:f68c244bbcc3316cf0b3f66a7ce3a6bdc380087bb016d2e8e0d10f6f475d77b8,historical,raw/wta/historical/2019.csv,False,False
wta,Greet Minnen,Clara Burel,2019-1072,2019-1072,R32,6-3 6-2,2019-12-16,2019-12-16,2019-12-18,2019-12-16,2019-12-22,event_start,mixed-date-bases-event-start,wta-httpcache:f68c244bbcc3316cf0b3f66a7ce3a6bdc380087bb016d2e8e0d10f6f475d77b8,historical,raw/wta/historical/2019.csv,False,False
wta,Jennifer Brady,Kaia Kanepi,2019-1072,2019-1072,R32,6-2 6-3,2019-12-16,2019-12-16,2019-12-17,2019-12-16,2019-12-22,event_start,mixed-date-bases-event-start,wta-httpcache:f68c244bbcc3316cf0b3f66a7ce3a6bdc380087bb016d2e8e0d10f6f475d77b8,historical,raw/wta/historical/2019.csv,False,False
wta,Aliaksandra Sasnovich,Isabella Shinikova,2019-1072,2019-1072,R32,6-2 6-1,2019-12-16,2019-12-16,2019-12-17,2019-12-16,2019-12-22,event_start,mixed-date-bases-event-start,wta-httpcache:f68c244bbcc3316cf0b3f66a7ce3a6bdc380087bb016d2e8e0d10f6f475d77b8,historical,raw/wta/historical/2019.csv,False,False
wta,Anna Blinkova,Natalia Vikhlyantseva,2019-1072,2019-1072,R32,6-3 7-5,2019-12-16,2019-12-16,2019-12-17,2019-12-16,2019-12-22,event_start,mixed-date-bases-event-start,wta-httpcache:f68c244bbcc3316cf0b3f66a7ce3a6bdc380087bb016d2e8e0d10f6f475d77b8,historical,raw/wta/historical/2019.csv,False,False
wta,Sara Sorribes Tormo,Alison Van Uytvanck,2019-1072,2019-1072,R32,6-4 6-4,2019-12-16,2019-12-16,2019-12-17,2019-12-16,2019-12-22,event_start,mixed-date-bases-event-start,wta-httpcache:f68c244bbcc3316cf0b3f66a7ce3a6bdc380087bb016d2e8e0d10f6f475d77b8,historical,raw/wta/historical/2019.csv,False,False
wta,Bernarda Pera,Chloe Paquet,2019-1072,2019-1072,R32,6-3 6-2,2019-12-16,2019-12-16,2019-12-17,2019-12-16,2019-12-22,event_start,mixed-date-bases-event-start,wta-httpcache:f68c244bbcc3316cf0b3f66a7ce3a6bdc380087bb016d2e8e0d10f6f475d77b8,historical,raw/wta/historical/2019.csv,False,False
wta,Ana Bogdan,Arantxa Rus,2019-1072,2019-1072,R32,7-5 6-2,2019-12-16,2019-12-16,2019-12-18,2019-12-16,2019-12-22,event_start,mixed-date-bases-event-start,wta-httpcache:f68c244bbcc3316cf0b3f66a7ce3a6bdc380087bb016d2e8e0d10f6f475d77b8,historical,raw/wta/historical/2019.csv,False,False
wta,Ekaterina Alexandrova,Monica Niculescu,2019-1072,2019-1072,R32,6-4 2-6 6-3,2019-12-16,2019-12-16,2019-12-18,2019-12-16,2019-12-22,event_start,mixed-date-bases-event-start,wta-httpcache:f68c244bbcc3316cf0b3f66a7ce3a6bdc380087bb016d2e8e0d10f6f475d77b8,historical,raw/wta/historical/2019.csv,False,False
wta,Greet Minnen,Pauline Parmentier,2019-1072,2019-1072,R16,6-3 7-5,2019-12-16,2019-12-16,2019-12-19,2019-12-16,2019-12-22,event_start,mixed-date-bases-event-start,wta-httpcache:f68c244bbcc3316cf0b3f66a7ce3a6bdc380087bb016d2e8e0d10f6f475d77b8,historical,raw/wta/historical/2019.csv,False,False
wta,Liudmila Samsonova,Alize Cornet,2019-1072,2019-1072,R16,6-4 3-6 6-3,2019-12-16,2019-12-16,2019-12-18,2019-12-16,2019-12-22,event_start,mixed-date-bases-event-start,wta-httpcache:f68c244bbcc3316cf0b3f66a7ce3a6bdc380087bb016d2e8e0d10f6f475d77b8,historical,raw/wta/historical/2019.csv,False,False
wta,Jil Teichmann,Jennifer Brady,2019-1072,2019-1072,R16,7-5 7-6(12),2019-12-16,2019-12-16,2019-12-19,2019-12-16,2019-12-22,event_start,mixed-date-bases-event-start,wta-httpcache:f68c244bbcc3316cf0b3f66a7ce3a6bdc380087bb016d2e8e0d10f6f475d77b8,historical,raw/wta/historical/2019.csv,False,False
wta,Aliaksandra Sasnovich,Anna Blinkova,2019-1072,2019-1072,R16,3-6 6-1 7-5,2019-12-16,2019-12-16,2019-12-19,2019-12-16,2019-12-22,event_start,mixed-date-bases-event-start,wta-httpcache:f68c244bbcc3316cf0b3f66a7ce3a6bdc380087bb016d2e8e0d10f6f475d77b8,historical,raw/wta/historical/2019.csv,False,False
wta,Nicole Gibbs,Jessika Ponchet,2019-1072,2019-1072,R16,1-6 6-1 6-2,2019-12-16,2019-12-16,2019-12-18,2019-12-16,2019-12-22,event_start,mixed-date-bases-event-start,wta-httpcache:f68c244bbcc3316cf0b3f66a7ce3a6bdc380087bb016d2e8e0d10f6f475d77b8,historical,raw/wta/historical/2019.csv,False,False
wta,Sorana Cirstea,Sara Sorribes Tormo,2019-1072,2019-1072,R16,6-3 6-3,2019-12-16,2019-12-16,2019-12-19,2019-12-16,2019-12-22,event_start,mixed-date-bases-event-start,wta-httpcache:f68c244bbcc3316cf0b3f66a7ce3a6bdc380087bb016d2e8e0d10f6f475d77b8,historical,raw/wta/historical/2019.csv,False,False
wta,Ana Bogdan,Bernarda Pera,2019-1072,2019-1072,R16,6-7(5) 6-2 6-4,2019-12-16,2019-12-16,2019-12-19,2019-12-16,2019-12-22,event_start,mixed-date-bases-event-start,wta-httpcache:f68c244bbcc3316cf0b3f66a7ce3a6bdc380087bb016d2e8e0d10f6f475d77b8,historical,raw/wta/historical/2019.csv,False,False
wta,Ekaterina Alexandrova,Oceane Dodin,2019-1072,2019-1072,R16,6-3 6-4,2019-12-16,2019-12-16,2019-12-19,2019-12-16,2019-12-22,event_start,mixed-date-bases-event-start,wta-httpcache:f68c244bbcc3316cf0b3f66a7ce3a6bdc380087bb016d2e8e0d10f6f475d77b8,historical,raw/wta/historical/2019.csv,False,False
wta,Greet Minnen,Liudmila Samsonova,2019-1072,2019-1072,QF,7-5 6-2,2019-12-16,2019-12-16,2019-12-20,2019-12-16,2019-12-22,event_start,mixed-date-bases-event-start,wta-httpcache:f68c244bbcc3316cf0b3f66a7ce3a6bdc380087bb016d2e8e0d10f6f475d77b8,historical,raw/wta/historical/2019.csv,False,False
wta,Aliaksandra Sasnovich,Jil Teichmann,2019-1072,2019-1072,QF,6-3 7-5,2019-12-16,2019-12-16,2019-12-20,2019-12-16,2019-12-22,event_start,mixed-date-bases-event-start,wta-httpcache:f68c244bbcc3316cf0b3f66a7ce3a6bdc380087bb016d2e8e0d10f6f475d77b8,historical,raw/wta/historical/2019.csv,False,False
wta,Ekaterina Alexandrova,Ana Bogdan,2019-1072,2019-1072,QF,6-4 6-2,2019-12-16,2019-12-16,2019-12-20,2019-12-16,2019-12-22,event_start,mixed-date-bases-event-start,wta-httpcache:f68c244bbcc3316cf0b3f66a7ce3a6bdc380087bb016d2e8e0d10f6f475d77b8,historical,raw/wta/historical/2019.csv,False,False
wta,Aliaksandra Sasnovich,Greet Minnen,2019-1072,2019-1072,SF,2-6 6-2 6-2,2019-12-16,2019-12-16,2019-12-21,2019-12-16,2019-12-22,event_start,mixed-date-bases-event-start,wta-httpcache:f68c244bbcc3316cf0b3f66a7ce3a6bdc380087bb016d2e8e0d10f6f475d77b8,historical,raw/wta/historical/2019.csv,False,False
wta,Ekaterina Alexandrova,Nicole Gibbs,2019-1072,2019-1072,SF,7-6(6) 6-2,2019-12-16,2019-12-16,2019-12-21,2019-12-16,2019-12-22,event_start,mixed-date-bases-event-start,wta-httpcache:f68c244bbcc3316cf0b3f66a7ce3a6bdc380087bb016d2e8e0d10f6f475d77b8,historical,raw/wta/historical/2019.csv,False,False
wta,Ekaterina Alexandrova,Aliaksandra Sasnovich,2019-1072,2019-1072,F,6-1 6-3,2019-12-16,2019-12-16,2019-12-22,2019-12-16,2019-12-22,event_start,mixed-date-bases-event-start,wta-httpcache:f68c244bbcc3316cf0b3f66a7ce3a6bdc380087bb016d2e8e0d10f6f475d77b8,historical,raw/wta/historical/2019.csv,False,False
wta,Caty Mcnally,Mccartney Kessler,2026-W1017,2026-W1017,R128,6-3 6-4,2026-08-13,2026-08-14,2026-08-13,,,played_date,,espn-competition-local-date,stats,raw/wta/stats/2026.csv,True,False
wta,Sofia Kenin,Eva Lys,2026-W1017,2026-W1017,R128,1-6 6-3 6-3,2026-08-14,2026-08-15,2026-08-14,,,played_date,,espn-competition-local-date,stats,raw/wta/stats/2026.csv,True,False
wta,Clara Tauson,Peyton Stearns,2026-W1017,2026-W1017,R64,7-6(7) 1-6 7-5,2026-08-15,2026-08-16,2026-08-15,,,played_date,,espn-competition-local-date,stats,raw/wta/stats/2026.csv,True,False
wta,Elina Svitolina,Tereza Valentova,2026-W1017,2026-W1017,R64,3-6 7-6(5) 6-0,2026-08-16,2026-08-17,2026-08-16,,,played_date,,espn-competition-local-date,stats,raw/wta/stats/2026.csv,True,False
wta,Amanda Anisimova,Alexandra Eala,2026-W1017,2026-W1017,R32,4-6 6-4 6-2,2026-08-17,2026-08-18,2026-08-17,,,played_date,,espn-competition-local-date,stats,raw/wta/stats/2026.csv,True,False
wta,Marie Bouzkova,Iva Jovic,2026-W1017,2026-W1017,R32,7-6(0) 7-6(5),2026-08-18,2026-08-19,2026-08-18,,,played_date,,espn-competition-local-date,stats,raw/wta/stats/2026.csv,True,False
wta,Sara Bejlek,Aryna Sabalenka,2026-W1017,2026-W1017,R16,7-6(7) 6-4,2026-08-19,2026-08-20,2026-08-19,,,played_date,,espn-competition-local-date,stats,raw/wta/stats/2026.csv,True,False
wta,Coco Gauff,Marta Kostyuk,2026-W1017,2026-W1017,QF,6-2 6-2,2026-08-21,2026-08-22,2026-08-21,,,played_date,,espn-competition-local-date,stats,raw/wta/stats/2026.csv,True,False
wta,Coco Gauff,Sara Bejlek,2026-W1017,2026-W1017,SF,6-4 6-1,2026-08-22,2026-08-23,2026-08-22,,,played_date,,espn-competition-local-date,stats,raw/wta/stats/2026.csv,True,False
wta,Yuliia Starodubtseva,Lilli Tagger,2026-W1039,2026-W1039,R32,6-3 6-4,2026-08-23,2026-08-24,2026-08-23,,,played_date,,espn-competition-local-date,stats,raw/wta/stats/2026.csv,True,False
wta,Nikola Bartunkova,Antonia Ruzic,2026-W1039,2026-W1039,R32,6-4 6-3,2026-08-23,2026-08-24,2026-08-23,,,played_date,,espn-competition-local-date,stats,raw/wta/stats/2026.csv,True,False
wta,Oleksandra Oliynykova,Mayar Sherif,2026-W1039,2026-W1039,R32,6-3 6-4,2026-08-23,2026-08-24,2026-08-23,,,played_date,,espn-competition-local-date,stats,raw/wta/stats/2026.csv,True,False
wta,Clara Tauson,Renata Zarazua,2026-W1039,2026-W1039,R32,3-6 6-3 6-0,2026-08-24,2026-08-25,2026-08-24,,,played_date,,espn-competition-local-date,stats,raw/wta/stats/2026.csv,True,False
wta,Diane Parry,Donna Vekic,2026-W1039,2026-W1039,R32,6-7(5) 6-4 6-1,2026-08-24,2026-08-25,2026-08-24,,,played_date,,espn-competition-local-date,stats,raw/wta/stats/2026.csv,True,False
wta,Diane Parry,Oleksandra Oliynykova,2026-W1039,2026-W1039,R16,6-4 7-6(3),2026-08-25,2026-08-26,2026-08-25,,,played_date,,espn-competition-local-date,stats,raw/wta/stats/2026.csv,True,False
wta,Nikola Bartunkova,En Shuo Liang,2026-W1039,2026-W1039,R16,6-7(4) 7-5 6-4,2026-08-25,2026-08-26,2026-08-25,,,played_date,,espn-competition-local-date,stats,raw/wta/stats/2026.csv,True,False
wta,Alycia Parks,Maja Chwalinska,2026-W1039,2026-W1039,R16,3-6 6-2 6-2,2026-08-26,2026-08-27,2026-08-26,,,played_date,,espn-competition-local-date,stats,raw/wta/stats/2026.csv,True,False
wta,Clara Tauson,Ekaterina Alexandrova,2026-W1039,2026-W1039,R16,7-6(6) 4-6 6-3,2026-08-26,2026-08-27,2026-08-26,,,played_date,,espn-competition-local-date,stats,raw/wta/stats/2026.csv,True,False
wta,Diane Parry,Clara Tauson,2026-W1039,2026-W1039,QF,6-3 7-5,2026-08-27,2026-08-28,2026-08-27,,,played_date,,espn-competition-local-date,stats,raw/wta/stats/2026.csv,True,False
wta,Elise Mertens,Yuliia Starodubtseva,2026-W1039,2026-W1039,QF,6-1 6-4,2026-08-27,2026-08-28,2026-08-27,,,played_date,,espn-competition-local-date,stats,raw/wta/stats/2026.csv,True,False
wta,Elise Mertens,Nikola Bartunkova,2026-W1039,2026-W1039,SF,1-6 6-4 6-2,2026-08-28,2026-08-29,2026-08-28,,,played_date,,espn-competition-local-date,stats,raw/wta/stats/2026.csv,True,False
wta,Kimberly Birrell,Petra Marcinko,2026-W905,2026-W905,R128,3-6 7-6(4) 6-3,2026-08-31,2026-08-30,2026-08-31,,,played_date,,espn-competition-local-date,stats,raw/wta/stats/2026.csv,True,False
wta,Emma Navarro,Lois Boisson,2026-W905,2026-W905,R128,7-6(6) 6-7(1) 6-3,2026-08-31,2026-08-30,2026-08-31,,,played_date,,espn-competition-local-date,stats,raw/wta/stats/2026.csv,True,False
wta,Naomi Osaka,Anastasia Zakharova,2026-W905,2026-W905,R128,7-6(6) 7-6(3),2026-08-31,2026-09-01,2026-08-31,,,played_date,,espn-competition-local-date,stats,raw/wta/stats/2026.csv,True,False
wta,Alexandra Eala,Mary Stoiana,2026-W905,2026-W905,R128,6-1 6-2,2026-09-01,2026-09-02,2026-09-01,,,played_date,,espn-competition-local-date,stats,raw/wta/stats/2026.csv,True,False
wta,Paula Badosa,Daria Kasatkina,2026-W905,2026-W905,R128,6-1 6-4,2026-09-02,2026-09-01,2026-09-02,,,played_date,,espn-competition-local-date,stats,raw/wta/stats/2026.csv,True,False
wta,Tatjana Maria,Jelena Ostapenko,2026-W905,2026-W905,R128,4-6 6-1 6-2,2026-09-02,2026-09-01,2026-09-02,,,played_date,,espn-competition-local-date,stats,raw/wta/stats/2026.csv,True,False
wta,Elina Svitolina,Maya Joint,2026-W905,2026-W905,R64,6-2 6-7(6) 6-4,2026-09-02,2026-09-03,2026-09-02,,,played_date,,espn-competition-local-date,stats,raw/wta/stats/2026.csv,True,False
wta,Linda Noskova,Lanlana Tararudee,2026-W905,2026-W905,R64,6-4 6-2,2026-09-02,2026-09-03,2026-09-02,,,played_date,,espn-competition-local-date,stats,raw/wta/stats/2026.csv,True,False
wta,Elena Rybakina,Jessica Bouzas Maneiro,2026-W905,2026-W905,R64,6-2 6-4,2026-09-03,2026-09-04,2026-09-03,,,played_date,,espn-competition-local-date,stats,raw/wta/stats/2026.csv,True,False
wta,Anna Kalinskaya,Elina Svitolina,2026-W905,2026-W905,R32,6-3 2-6 6-3,2026-09-04,2026-09-05,2026-09-04,,,played_date,,espn-competition-local-date,stats,raw/wta/stats/2026.csv,True,False
wta,Elena Rybakina,Yuliia Starodubtseva,2026-W905,2026-W905,R32,7-6(6) 6-3,2026-09-05,2026-09-06,2026-09-05,,,played_date,,espn-competition-local-date,stats,raw/wta/stats/2026.csv,True,False
