signal,year,band,n,meanFeature,predicted,observed,residual,moment,momentSE
recent_surprise_diff,all,all,26794,0.000448804897612168,0.5035838876791845,0.5055982682690154,0.0020143805898309333,0.00034016568636998913,0.0003517824502678773
recent_surprise_diff,all,zero,585,0.0,0.509282351515165,0.5196581196581197,0.010375768142954619,0.0,0.0
recent_surprise_diff,all,"[-1000000000.0,-0.1)",5600,-0.17363492225841703,0.5014272147416713,0.5016071428571428,0.00017992811547153995,0.00041864012912528204,0.0011228906056277327
recent_surprise_diff,all,"[-0.1,0)",7514,-0.04749164547089063,0.4970294558361578,0.4969390471120575,-9.040872410035496e-05,0.00024642292956079693,0.00028916243921853137
recent_surprise_diff,all,"[0,0.1)",7382,0.04739402247186468,0.5037116224757855,0.5047412625304796,0.0010296400546939912,0.0001744850945263117,0.000285049940072153
recent_surprise_diff,all,"[0.1,1000000000.0)",5713,0.1735288628137096,0.5135700297597059,0.5205671276037108,0.006997097844004896,0.0006354531449296078,0.0011093154073048216
recent_surprise_diff,2010,all,2702,0.005705075716915605,0.5044862647670838,0.5151739452257587,0.010687680458674936,-0.0005201187746262345,0.001014628512254934
recent_surprise_diff,2010,zero,66,0.0,0.49913974689608454,0.45454545454545453,-0.04459429235062997,0.0,0.0
recent_surprise_diff,2010,"[-1000000000.0,-0.1)",501,-0.16529234493258102,0.5152411325508067,0.5369261477045908,0.021685015153784116,-0.0028852035196863185,0.0034863303087174233
recent_surprise_diff,2010,"[-0.1,0)",748,-0.04861343099134359,0.4900684344102735,0.5013368983957219,0.011268463985448509,-3.9583785627080295e-05,0.0008922738558417481
recent_surprise_diff,2010,"[0,0.1)",823,0.04825878398784195,0.5074812558299067,0.528554070473876,0.02107281464396939,0.0007447254299969765,0.0008391687590536828
recent_surprise_diff,2010,"[0.1,1000000000.0)",564,0.16821355772670238,0.5103095642033101,0.50177304964539,-0.008536514557919995,-0.0009630750406306655,0.0033402587081300143
recent_surprise_diff,2011,all,2702,-0.0030072401732015,0.48974757497701876,0.48038490007401924,-0.009362674902999557,0.0003748124260407788,0.0010806922075677241
recent_surprise_diff,2011,zero,74,0.0,0.48357137956494456,0.5,0.0164286204350555,0.0,0.0
recent_surprise_diff,2011,"[-1000000000.0,-0.1)",576,-0.1793854823659266,0.4777234014212627,0.4670138888888889,-0.01070951253237384,0.003508948494319592,0.0035115924765852166
recent_surprise_diff,2011,"[-0.1,0)",767,-0.04813071641520874,0.49325653080480836,0.49022164276401564,-0.003034888040792772,0.0003321851391594696,0.0009125429964662047
recent_surprise_diff,2011,"[0,0.1)",717,0.04832219194107446,0.49087256401288615,0.4630404463040446,-0.027832117708841534,-0.001818682405234704,0.0009250419309881266
recent_surprise_diff,2011,"[0.1,1000000000.0)",568,0.17160162458362324,0.49658732175514814,0.5,0.0034126782448518672,7.18276853029373e-05,0.003297362404060336
recent_surprise_diff,2012,all,2808,-0.009455628267947144,0.4899953054216378,0.48753561253561256,-0.002459692886025289,0.002980225196375353,0.0010650999029017932
recent_surprise_diff,2012,zero,80,0.0,0.4853227316527044,0.5375,0.052177268347295545,0.0,0.0
recent_surprise_diff,2012,"[-1000000000.0,-0.1)",652,-0.1764825513852838,0.48546239617407044,0.4493865030674847,-0.036075893106585724,0.0071640610010029705,0.0032437973160766038
recent_surprise_diff,2012,"[-0.1,0)",788,-0.04732658279633383,0.477111486414934,0.4606598984771574,-0.016451587937776627,0.0004687778107329222,0.0008928382035568751
recent_surprise_diff,2012,"[0,0.1)",758,0.04535059011918634,0.506227972595119,0.5158311345646438,0.009603161969524758,0.0004988057993628249,0.000832162143318242
recent_surprise_diff,2012,"[0.1,1000000000.0)",530,0.1725147533207118,0.49221672125317084,0.5264150943396226,0.034198373086451794,0.005566062015082056,0.003562604808653192
recent_surprise_diff,2013,all,2633,-0.00245353671921973,0.4923705558690796,0.4891758450436764,-0.0031947108254031685,0.00018753266115604966,0.001062689162605717
recent_surprise_diff,2013,zero,56,0.0,0.5106245886446459,0.48214285714285715,-0.028481731501788735,0.0,0.0
recent_surprise_diff,2013,"[-1000000000.0,-0.1)",520,-0.1710732846313567,0.49668720750157425,0.48653846153846153,-0.010148745963112717,0.0007084237045470527,0.0035481225563734433
recent_surprise_diff,2013,"[-0.1,0)",829,-0.04642670682211026,0.47999348755627796,0.4776839565741858,-0.0023095309820921586,0.0008275697567542951,0.0008527804050684694
recent_surprise_diff,2013,"[0,0.1)",718,0.04810748336717006,0.4833390967027955,0.4805013927576602,-0.0028377039451353116,-2.6470956193799398e-05,0.0008812696663947591
recent_surprise_diff,2013,"[0.1,1000000000.0)",510,0.1694990445578456,0.5187985806306005,0.5235294117647059,0.004730831134105473,-0.0010620706104759838,0.003686704056860194
recent_surprise_diff,2014,all,2611,0.006644547447132819,0.5038558577857227,0.5170432784373803,0.013187420651657558,-0.00047131332641857376,0.0011561692532627745
recent_surprise_diff,2014,zero,62,0.0,0.5045417532374948,0.46774193548387094,-0.036799817753623905,0.0,0.0
recent_surprise_diff,2014,"[-1000000000.0,-0.1)",515,-0.17233270058009498,0.5139489144437158,0.5359223300970873,0.021973415653371648,-0.00471749243071467,0.0037121229691531514
recent_surprise_diff,2014,"[-0.1,0)",719,-0.04751559318754511,0.50874420476756,0.5146036161335188,0.005859411365958691,-0.000777633438464091,0.0009556418566813549
recent_surprise_diff,2014,"[0,0.1)",702,0.048099311834329264,0.48311317299778544,0.49145299145299143,0.008339818455206007,0.00034338190110929593,0.0009360970711440149
recent_surprise_diff,2014,"[0.1,1000000000.0)",613,0.17373286913109054,0.513327625394719,0.5383360522022839,0.025008426807564862,0.0024746718665841984,0.003480239178904973
recent_surprise_diff,2015,all,2547,0.004077381238919116,0.5029261553010687,0.5072634471927758,0.00433729189170719,-0.0016261555998107837,0.0011604590474886373
recent_surprise_diff,2015,zero,72,0.0,0.5059860297501505,0.4027777777777778,-0.10320825197237275,0.0,0.0
recent_surprise_diff,2015,"[-1000000000.0,-0.1)",495,-0.1738814973791288,0.505533030148275,0.5272727272727272,0.021739697124452357,-0.00501258880075592,0.00391913556707988
recent_surprise_diff,2015,"[-0.1,0)",712,-0.047743621200626106,0.5042153181407357,0.5070224719101124,0.002807153769376639,-0.00023464843549152306,0.0009412868270361631
recent_surprise_diff,2015,"[0,0.1)",723,0.047693385296980036,0.498126479480274,0.5214384508990318,0.023311971418757797,0.0017066546164637864,0.0009183533100936723
recent_surprise_diff,2015,"[0.1,1000000000.0)",545,0.17608728796940362,0.5048372886348128,0.48440366972477067,-0.02043361891004204,-0.005004455886196768,0.003703505433871092
recent_surprise_diff,2016,all,2812,-0.004201324066927651,0.5134959055448908,0.5106685633001422,-0.002827342244748564,0.001545013593576851,0.0011207764964958136
recent_surprise_diff,2016,zero,54,0.0,0.5206418347966493,0.5925925925925926,0.0719507577959433,0.0,0.0
recent_surprise_diff,2016,"[-1000000000.0,-0.1)",655,-0.17374096588563484,0.5008226763182264,0.4778625954198473,-0.022960080898379143,0.003910530505036751,0.0032387505564064854
recent_surprise_diff,2016,"[-0.1,0)",763,-0.048089876792461975,0.5063194631397111,0.508519003931848,0.0021995407921368364,0.000638141464409071,0.000896594904728596
recent_surprise_diff,2016,"[0,0.1)",758,0.046368826448412157,0.5263490182010692,0.5171503957783641,-0.009198622422705154,-0.00010669641843934522,0.0009200675009159257
recent_surprise_diff,2016,"[0.1,1000000000.0)",582,0.17788868543581157,0.5197640346267448,0.5343642611683849,0.014600226541640096,0.0023662451755531535,0.003638195149998132
recent_surprise_diff,2017,all,2708,0.004209490124547987,0.5162477987319998,0.517725258493353,0.0014774597613532818,0.0012387729723169509,0.0011620030435588308
recent_surprise_diff,2017,zero,47,0.0,0.5453529226320116,0.7021276595744681,0.15677473694245656,0.0,0.0
recent_surprise_diff,2017,"[-1000000000.0,-0.1)",561,-0.1727638569034167,0.5147434540707406,0.49732620320855614,-0.01741725086218452,0.0038326766127147506,0.0037059826159091913
recent_surprise_diff,2017,"[-0.1,0)",751,-0.04686108550382513,0.5001593420376635,0.5019973368841545,0.0018379948464909439,8.922977482439014e-05,0.0009185177067171575
recent_surprise_diff,2017,"[0,0.1)",744,0.047830538277857604,0.5165663546817144,0.5094086021505376,-0.0071577525311768975,-0.0003605205589470359,0.0009126096380780866
recent_surprise_diff,2017,"[0.1,1000000000.0)",605,0.17839103754502372,0.5349608927527013,0.5520661157024793,0.017105222949777937,0.002323440271512074,0.003563489824169394
recent_surprise_diff,2018,all,2746,0.004718117219402106,0.5110607409162002,0.5214857975236707,0.010425056607470581,-0.0010023138063367377,0.001143733215961079
recent_surprise_diff,2018,zero,49,0.0,0.5330611100534302,0.5918367346938775,0.058775624640447464,0.0,0.0
recent_surprise_diff,2018,"[-1000000000.0,-0.1)",572,-0.1751367552286527,0.5086117321540674,0.5367132867132867,0.028101554559219293,-0.003248810595902153,0.003613972080698721
recent_surprise_diff,2018,"[-0.1,0)",745,-0.04645441760186133,0.5054845051716896,0.5288590604026846,0.02337455523099502,-0.0004971468579339428,0.0009334223956807983
recent_surprise_diff,2018,"[0,0.1)",728,0.047055179600883304,0.5113095163941257,0.5096153846153846,-0.0016941317787411403,0.00024826959778756475,0.000942285638583549
recent_surprise_diff,2018,"[0.1,1000000000.0)",652,0.1740591169313055,0.5176497010480198,0.5076687116564417,-0.009980989391578056,-0.0010803679591613654,0.0033053958533028407
recent_surprise_diff,2019,all,2525,-0.0010011232158171509,0.5118595952932837,0.5100990099009901,-0.0017605853922935985,0.00042390771970485626,0.001152226811867385
recent_surprise_diff,2019,zero,25,0.0,0.5681220431612141,0.6,0.031877956838785936,0.0,0.0
recent_surprise_diff,2019,"[-1000000000.0,-0.1)",553,-0.17445129857416528,0.5013213442030474,0.5226039783001808,0.0212826340971333,-0.002193671042976207,0.003605987231343129
recent_surprise_diff,2019,"[-0.1,0)",692,-0.047891718036333936,0.5095175841975752,0.48265895953757226,-0.026858624660002856,0.0016093083217860007,0.0009635986894299663
recent_surprise_diff,2019,"[0,0.1)",711,0.046897421268787855,0.5108383639776032,0.5049226441631505,-0.005915719814452652,0.0004408496563310239,0.0009138270380322286
recent_surprise_diff,2019,"[0.1,1000000000.0)",544,0.1723175263797978,0.5243005122048308,0.5349264705882353,0.01062595838340461,0.0015742309093627449,0.0035010742130627466
surface_recent_diff,all,all,26794,0.03454786119027483,0.5035838876791845,0.5055982682690154,0.0020143805898309333,0.010386037449201444,0.0020217166928612165
surface_recent_diff,all,zero,5823,0.0,0.5021919269501154,0.5024901253649322,0.000298198414816788,0.0,0.0
surface_recent_diff,all,"[-1000000000.0,-0.6931471805599453)",3601,-1.274562139586322,0.336605611562239,0.3176895306859206,-0.018916080876318464,0.027629630400979446,0.009258402496217975
surface_recent_diff,all,"[-0.6931471805599453,0)",6443,-0.4054393886989212,0.44116724636755345,0.4386155517616017,-0.0025516946059516606,0.0025995944956396784,0.002565898483138044
surface_recent_diff,all,"[0,0.6931471805599453)",5783,0.36418178077851193,0.5595062932907168,0.5663150613868234,0.006808768096106699,0.0034395144007358276,0.0024168093330082427
surface_recent_diff,all,"[0.6931471805599453,1000000000.0)",5144,1.1705980560901212,0.6373601917114238,0.656298600311042,0.018938408599618223,0.027633998682953884,0.007144985361166328
surface_recent_diff,2010,all,2702,0.0741788069996094,0.5044862647670838,0.5151739452257587,0.010687680458674936,0.0126336786405073,0.006207486400097457
surface_recent_diff,2010,zero,604,0.0,0.503564625716674,0.4900662251655629,-0.013498400551111242,0.0,0.0
surface_recent_diff,2010,"[-1000000000.0,-0.6931471805599453)",334,-1.3398228443333824,0.3295919080575385,0.32335329341317365,-0.006238614644364911,0.007858780873395492,0.02998940333358219
surface_recent_diff,2010,"[-0.6931471805599453,0)",595,-0.3994720125576918,0.431236581919877,0.453781512605042,0.02254493068516506,-0.002356036085323927,0.008328815630527094
surface_recent_diff,2010,"[0,0.6931471805599453)",610,0.35785717258669286,0.5528444952427393,0.5770491803278689,0.024204685085129605,0.013841721091661187,0.007340569559972931
surface_recent_diff,2010,"[0.6931471805599453,1000000000.0)",559,1.1937834324047196,0.6351775453241029,0.6547406082289803,0.019563062904877422,0.04377416543790885,0.02087098979672534
surface_recent_diff,2011,all,2702,0.03294016378139503,0.48974757497701876,0.48038490007401924,-0.009362674902999557,0.011712858853534317,0.006166458748481876
surface_recent_diff,2011,zero,625,0.0,0.4958038886976882,0.4992,0.0033961113023118317,0.0,0.0
surface_recent_diff,2011,"[-1000000000.0,-0.6931471805599453)",349,-1.257571576928992,0.31820897123265046,0.28653295128939826,-0.03167601994325219,0.032263108412101206,0.028430510589127125
surface_recent_diff,2011,"[-0.6931471805599453,0)",657,-0.4099210411467966,0.40852487810897037,0.3774733637747336,-0.031051514334236693,0.021567203353393596,0.008018316755918508
surface_recent_diff,2011,"[0,0.6931471805599453)",549,0.35280620242388977,0.5543226108465892,0.5591985428051002,0.004875931958510975,0.002262029385733591,0.007497114630690776
surface_recent_diff,2011,"[0.6931471805599453,1000000000.0)",522,1.1561768616633665,0.6314973714928808,0.6340996168582376,0.002602245365356894,0.009534124617775995,0.022228215817991934
surface_recent_diff,2012,all,2808,0.0024141314801799404,0.4899953054216378,0.48753561253561256,-0.002459692886025289,0.00970421648046878,0.006165507155398428
surface_recent_diff,2012,zero,675,0.0,0.4836320628916974,0.4948148148148148,0.011182751923117367,0.0,0.0
surface_recent_diff,2012,"[-1000000000.0,-0.6931471805599453)",397,-1.2718872789761873,0.33313409846432956,0.32997481108312343,-0.003159287381206124,0.0137371457781531,0.02859456422569909
surface_recent_diff,2012,"[-0.6931471805599453,0)",685,-0.41140210959623963,0.44163027032805807,0.4145985401459854,-0.027031730182072663,0.009921547376873282,0.007714989469720217
surface_recent_diff,2012,"[0,0.6931471805599453)",552,0.3655668753389529,0.5501941527419271,0.5362318840579711,-0.013962268683956182,-0.00904683492015243,0.0077994259070668336
surface_recent_diff,2012,"[0.6931471805599453,1000000000.0)",499,1.185843007687803,0.6232004621111441,0.6492985971943888,0.026098135083244847,0.040066905663317616,0.02233502640263055
surface_recent_diff,2013,all,2633,0.016824835639207055,0.4923705558690796,0.4891758450436764,-0.0031947108254031685,0.00925401097238298,0.006411944391752885
surface_recent_diff,2013,zero,570,0.0,0.49326334741790173,0.4964912280701754,0.003227880652273709,0.0,0.0
surface_recent_diff,2013,"[-1000000000.0,-0.6931471805599453)",399,-1.259014496742666,0.3066687941908325,0.2857142857142857,-0.020954508476546813,0.038991086184648666,0.02649434650244348
surface_recent_diff,2013,"[-0.6931471805599453,0)",609,-0.40022305749780374,0.4168535665535539,0.39901477832512317,-0.017838788228430717,0.0061625953082420385,0.008173359879511613
surface_recent_diff,2013,"[0,0.6931471805599453)",529,0.3678025007831854,0.5633745118432467,0.5765595463137996,0.013185034470552755,0.005856025435221023,0.0077709847908552475
surface_recent_diff,2013,"[0.6931471805599453,1000000000.0)",526,1.132727938289379,0.6482923534158718,0.6520912547528517,0.003798901336980077,0.0037215009594263253,0.02181449234957941
surface_recent_diff,2014,all,2611,0.040278939805058686,0.5038558577857227,0.5170432784373803,0.013187420651657558,0.0006415498676572767,0.0069734277779664
surface_recent_diff,2014,zero,520,0.0,0.49912276310003684,0.5096153846153846,0.010492621515347805,0.0,0.0
surface_recent_diff,2014,"[-1000000000.0,-0.6931471805599453)",390,-1.2860743589586574,0.3188128971030421,0.3153846153846154,-0.0034282817184267205,0.005701770997251331,0.029740002712750555
surface_recent_diff,2014,"[-0.6931471805599453,0)",595,-0.4035161345492088,0.42980953897623564,0.453781512605042,0.023971973628806344,-0.008447809378065503,0.00868072099042815
surface_recent_diff,2014,"[0,0.6931471805599453)",571,0.3698140431921682,0.5623497165212151,0.5779334500875657,0.015583733566350585,0.002171554925442987,0.007800424213572158
surface_recent_diff,2014,"[0.6931471805599453,1000000000.0)",535,1.1881599873251136,0.6632680638726027,0.6766355140186916,0.01336745014608878,0.0060521209963479644,0.022966879115359804
surface_recent_diff,2015,all,2547,0.062357791231704596,0.5029261553010687,0.5072634471927758,0.00433729189170719,0.007136958787748691,0.006642062654501628
surface_recent_diff,2015,zero,563,0.0,0.5007974223298551,0.47424511545293074,-0.026552306876924472,0.0,0.0
surface_recent_diff,2015,"[-1000000000.0,-0.6931471805599453)",306,-1.2800097488352633,0.3294828091776749,0.34967320261437906,0.020190393436704143,-0.025814785478029185,0.03325258598678681
surface_recent_diff,2015,"[-0.6931471805599453,0)",610,-0.4212338951371871,0.4428467090023694,0.44426229508196724,0.0014155860795979284,0.004778324954212122,0.008709082008881076
surface_recent_diff,2015,"[0,0.6931471805599453)",552,0.36121164525747756,0.5494256987099658,0.5561594202898551,0.006733721579889122,0.0020974149054509006,0.007603674706895027
surface_recent_diff,2015,"[0.6931471805599453,1000000000.0)",516,1.1784343512835245,0.6293851763418572,0.6589147286821705,0.02952955234031337,0.04264458747828402,0.02263042578994154
surface_recent_diff,2016,all,2812,0.012620557940051983,0.5134959055448908,0.5106685633001422,-0.002827342244748564,0.018026333743191545,0.0062744690509914
surface_recent_diff,2016,zero,598,0.0,0.5113888819175832,0.5066889632107023,-0.004699918706880891,0.0,0.0
surface_recent_diff,2016,"[-1000000000.0,-0.6931471805599453)",390,-1.3147150519421416,0.3553144872453138,0.3076923076923077,-0.04762217955300606,0.07615675096688014,0.028835433084180934
surface_recent_diff,2016,"[-0.6931471805599453,0)",687,-0.3954360393399815,0.4647021002078704,0.4512372634643377,-0.01346483674353273,0.002421162475554315,0.007565746772069848
surface_recent_diff,2016,"[0,0.6931471805599453)",620,0.37013778878571557,0.5609006085500161,0.5838709677419355,0.022970359191919393,0.012232489747253831,0.007522529885153622
surface_recent_diff,2016,"[0.6931471805599453,1000000000.0)",517,1.1419864780740525,0.6432467404952202,0.6595744680851063,0.016327727589886137,0.02271070666299457,0.0224658325748143
surface_recent_diff,2017,all,2708,0.05466593591869218,0.5162477987319998,0.517725258493353,0.0014774597613532818,-0.00578171687884135,0.006380872975064502
surface_recent_diff,2017,zero,571,0.0,0.5029040728156464,0.5043782837127846,0.00147421089713815,0.0,0.0
surface_recent_diff,2017,"[-1000000000.0,-0.6931471805599453)",340,-1.229985119161054,0.3539614793393444,0.3911764705882353,0.03721499124889085,-0.0434330261842354,0.02987522778056878
surface_recent_diff,2017,"[-0.6931471805599453,0)",651,-0.40563812323724746,0.4476273562366758,0.4377880184331797,-0.009839337803496108,0.0023941238062295833,0.00798898232519698
surface_recent_diff,2017,"[0,0.6931471805599453)",636,0.3722686835066571,0.5756904910409466,0.5738993710691824,-0.0017911199717641454,-0.0025544574365383007,0.007630210665766795
surface_recent_diff,2017,"[0.6931471805599453,1000000000.0)",510,1.1637996676466489,0.6528418611784825,0.6490196078431373,-0.003822253335345349,-0.0016149021048616475,0.023594569801590037
surface_recent_diff,2018,all,2746,0.04442888257309672,0.5110607409162002,0.5214857975236707,0.010425056607470581,0.015554896516148536,0.006236917229424804
surface_recent_diff,2018,zero,641,0.0,0.5193568373378697,0.516380655226209,-0.0029761821116606876,0.0,0.0
surface_recent_diff,2018,"[-1000000000.0,-0.6931471805599453)",343,-1.2603340494943385,0.35046443320079823,0.2944606413994169,-0.05600379180138127,0.06568064769833004,0.028526929263218644
surface_recent_diff,2018,"[-0.6931471805599453,0)",668,-0.41111602915271106,0.45091141664732115,0.4880239520958084,0.037112535448487194,-0.020028753177763252,0.008299675945782561
surface_recent_diff,2018,"[0,0.6931471805599453)",566,0.36665474716856494,0.5580284553934886,0.5565371024734982,-0.0014913529199903257,0.0036292157641852818,0.008179952995776106
surface_recent_diff,2018,"[0.6931471805599453,1000000000.0)",528,1.1768848695054637,0.6310659643206674,0.6799242424242424,0.04885827810357494,0.05967870203226071,0.022645111535064127
surface_recent_diff,2019,all,2525,0.006194684835027487,0.5118595952932837,0.5100990099009901,-0.0017605853922935985,0.02506299587699689,0.0064951559977119416
surface_recent_diff,2019,zero,456,0.0,0.5159036853064578,0.5416666666666666,0.025762981360208843,0.0,0.0
surface_recent_diff,2019,"[-1000000000.0,-0.6931471805599453)",353,-1.2451516925061998,0.3741514729298885,0.3031161473087819,-0.0710353256211067,0.09295132775401263,0.029093595896551572
surface_recent_diff,2019,"[-0.6931471805599453,0)",686,-0.39692487168192536,0.47133477219357617,0.4650145772594752,-0.0063201949341008595,0.008310580130001678,0.0077462071885457595
surface_recent_diff,2019,"[0,0.6931471805599453)",598,0.35684243182690395,0.565565284935558,0.5618729096989966,-0.0036923752365612453,0.0028261663462236042,0.007249885146185899
surface_recent_diff,2019,"[0.6931471805599453,1000000000.0)",432,1.1899972555658453,0.6101255406372432,0.6458333333333334,0.03570779269609006,0.05342856585191624,0.02474165474788939
rank_trend_diff,all,all,26794,0.0027500754837727183,0.5035838876791845,0.5055982682690154,0.0020143805898309333,0.003612285864532956,0.0013368864977781707
rank_trend_diff,all,zero,3230,0.0,0.5029957911644573,0.5055727554179567,0.0025769642534994256,0.0,0.0
rank_trend_diff,all,"[-1000000000.0,-0.25)",5722,-0.5819542587346231,0.4805807388973346,0.46434813002446695,-0.016232608872867687,0.00794038722502583,0.004344047096961165
rank_trend_diff,all,"[-0.25,0)",6027,-0.11576565767081734,0.4932729801058223,0.4954371992699519,0.0021642191641295908,-0.00019741416012071256,0.000797289491921987
rank_trend_diff,all,"[0,0.25)",5901,0.11666768254744533,0.5167569686611337,0.527198779867819,0.01044181120668531,0.0019434646183223332,0.0008153930423889612
rank_trend_diff,all,"[0.25,1000000000.0)",5914,0.5770868135037642,0.5235252231784213,0.5343253297260737,0.010800106547652472,0.006945235404637414,0.004206474433305255
rank_trend_diff,2010,all,2702,0.009599108649482836,0.5044862647670838,0.5151739452257587,0.010687680458674936,0.005243001475662256,0.00406325126475124
rank_trend_diff,2010,zero,383,0.0,0.5136875494855261,0.4830287206266319,-0.030658828858894132,0.0,0.0
rank_trend_diff,2010,"[-1000000000.0,-0.25)",529,-0.5785581959540915,0.4749901492715685,0.4669187145557656,-0.008071434715802881,0.01213549424041711,0.01396292103908112
rank_trend_diff,2010,"[-0.25,0)",614,-0.11311990134277752,0.4782978508113252,0.4820846905537459,0.003786839742420633,-0.002406709509149995,0.002432629842132363
rank_trend_diff,2010,"[0,0.25)",621,0.11991360412191268,0.5246598305150058,0.5700483091787439,0.04538847866373831,0.005472172212136045,0.0024317231210732437
rank_trend_diff,2010,"[0.25,1000000000.0)",555,0.5891591864781525,0.5326506879911206,0.5585585585585585,0.025907870567438002,0.010498043655748428,0.014136523340007876
rank_trend_diff,2011,all,2702,-0.02167259014930342,0.48974757497701876,0.48038490007401924,-0.009362674902999557,0.012132748615813042,0.00401998600616221
rank_trend_diff,2011,zero,339,0.0,0.4623838436218237,0.4749262536873156,0.012542410065491914,0.0,0.0
rank_trend_diff,2011,"[-1000000000.0,-0.25)",620,-0.5958103729203478,0.4725568118791241,0.43548387096774194,-0.037072940911382135,0.029737755843833584,0.01269547424132349
rank_trend_diff,2011,"[-0.25,0)",598,-0.10953952631537156,0.48272923221501596,0.4765886287625418,-0.006140603452474149,0.0029391722881671853,0.00235429250451373
rank_trend_diff,2011,"[0,0.25)",587,0.11817152986144186,0.5099496937974247,0.4991482112436116,-0.010801482553813089,-0.0005994268180165408,0.0026498355771390025
rank_trend_diff,2011,"[0.25,1000000000.0)",558,0.5501452353676052,0.5117420252892148,0.517921146953405,0.006179121664190313,0.02318909794014651,0.012839044960377063
rank_trend_diff,2012,all,2808,-0.027525952588553126,0.4899953054216378,0.48753561253561256,-0.002459692886025289,0.005189293188321042,0.0036722278907131206
rank_trend_diff,2012,zero,366,0.0,0.5039534284279552,0.48360655737704916,-0.02034687105090608,0.0,0.0
rank_trend_diff,2012,"[-1000000000.0,-0.25)",678,-0.5696926216003199,0.48190940496266305,0.4498525073746313,-0.03205689758803182,0.011020303264740135,0.011440428509319053
rank_trend_diff,2012,"[-0.25,0)",618,-0.1179795467542553,0.4771527941724335,0.47249190938511326,-0.004660884787320307,-6.403528621230094e-05,0.002481137274275265
rank_trend_diff,2012,"[0,0.25)",560,0.11989868024518435,0.5045838399334418,0.5178571428571429,0.013273302923701017,0.002980388674408343,0.002729681446388754
rank_trend_diff,2012,"[0.25,1000000000.0)",586,0.5370764872579971,0.4902353397497448,0.5204778156996587,0.030242475949913934,0.009335026977000348,0.01099902717072246
rank_trend_diff,2013,all,2633,0.007507323407907226,0.4923705558690796,0.4891758450436764,-0.0031947108254031685,-0.0004111552650968087,0.0039069182689590275
rank_trend_diff,2013,zero,309,0.0,0.5033030591386015,0.5048543689320388,0.0015513097934372313,0.0,0.0
rank_trend_diff,2013,"[-1000000000.0,-0.25)",507,-0.5766078817857805,0.4672569023313525,0.4378698224852071,-0.029387079846145334,0.011553140795427424,0.014188578849960429
rank_trend_diff,2013,"[-0.25,0)",593,-0.11368297979916803,0.4863703317489747,0.49072512647554806,0.004354794726573238,-0.0007077082349232401,0.002391874415262537
rank_trend_diff,2013,"[0,0.25)",655,0.1174089484242449,0.49831218629404195,0.5236641221374045,0.025351935843362605,0.0035932615346939215,0.002314382935778641
rank_trend_diff,2013,"[0.25,1000000000.0)",569,0.5318420463997129,0.5082244114195491,0.4850615114235501,-0.023162899995998944,-0.01559565820421202,0.012390414177633249
rank_trend_diff,2014,all,2611,0.05128362757231053,0.5038558577857227,0.5170432784373803,0.013187420651657558,-0.0008814455307794072,0.0036981359434012854
rank_trend_diff,2014,zero,351,0.0,0.5135919395328823,0.5441595441595442,0.030567604626661974,0.0,0.0
rank_trend_diff,2014,"[-1000000000.0,-0.25)",429,-0.5533305181371263,0.47183023408574837,0.5058275058275058,0.033997271741757464,-0.010421248066425656,0.013814594283858882
rank_trend_diff,2014,"[-0.25,0)",568,-0.11439647805414353,0.4944537949302493,0.5176056338028169,0.02315183887256759,-0.002624342939604258,0.0025481667652416857
rank_trend_diff,2014,"[0,0.25)",597,0.11940678241051078,0.5116894634698855,0.48576214405360135,-0.025927319416284265,-0.004605314590635572,0.0026385168524193582
rank_trend_diff,2014,"[0.25,1000000000.0)",666,0.5480055470087216,0.5203503577594462,0.5375375375375375,0.017187179778091446,0.009623514624528868,0.01098742943262377
rank_trend_diff,2015,all,2547,-0.011867643813694019,0.5029261553010687,0.5072634471927758,0.00433729189170719,0.001506544744531918,0.004139245441152528
rank_trend_diff,2015,zero,191,0.0,0.5358597420306217,0.5130890052356021,-0.0227707367950196,0.0,0.0
rank_trend_diff,2015,"[-1000000000.0,-0.25)",572,-0.5440038057737847,0.48089604141212744,0.4737762237762238,-0.007119817635903613,-0.003655882919379185,0.012713488241295144
rank_trend_diff,2015,"[-0.25,0)",653,-0.1188347654370643,0.4886888691405299,0.5191424196018377,0.030453550461307797,-0.0028854573883359755,0.0025349056359445545
rank_trend_diff,2015,"[0,0.25)",615,0.1144662205743561,0.5100716936509996,0.5040650406504065,-0.00600665300059304,0.0009483630137289457,0.002550639355924625
rank_trend_diff,2015,"[0.25,1000000000.0)",516,0.5584218300122097,0.5246574573490417,0.5310077519379846,0.006350294588942922,0.014010261463852286,0.014123925537324479
rank_trend_diff,2016,all,2812,-0.005826822379607292,0.5134959055448908,0.5106685633001422,-0.002827342244748564,0.005824025793936043,0.0036074261049620204
rank_trend_diff,2016,zero,338,0.0,0.5043891281815277,0.5059171597633136,0.0015280315817858966,0.0,0.0
rank_trend_diff,2016,"[-1000000000.0,-0.25)",640,-0.5327691581112056,0.5044341231071868,0.471875,-0.032559123107186824,0.018588479964593015,0.011046088985601936
rank_trend_diff,2016,"[-0.25,0)",622,-0.11828757853731289,0.5122084682275144,0.5048231511254019,-0.007385317102112462,0.0012349766060376034,0.00252539602741729
rank_trend_diff,2016,"[0,0.25)",597,0.11045016614859669,0.5153114433484731,0.5326633165829145,0.017351873234441536,0.0023926000146725682,0.0024858108524667437
rank_trend_diff,2016,"[0.25,1000000000.0)",615,0.5402005875109143,0.5274707696938612,0.5382113821138211,0.010740612419959878,0.0037138141422662007,0.01129395159262291
rank_trend_diff,2017,all,2708,0.0320263623854658,0.5162477987319998,0.517725258493353,0.0014774597613532818,-0.0038827700836444427,0.005459208529216106
rank_trend_diff,2017,zero,378,0.0,0.4872715692133096,0.4947089947089947,0.0074374254956850955,0.0,0.0
rank_trend_diff,2017,"[-1000000000.0,-0.25)",538,-0.6205323997448868,0.4799898539004428,0.4721189591078067,-0.007870894792636085,-0.009862401447237285,0.01860871143597433
rank_trend_diff,2017,"[-0.25,0)",575,-0.11914878375188669,0.505382298614774,0.5026086956521739,-0.0027736029626001645,0.002401264700702847,0.0026642393667416393
rank_trend_diff,2017,"[0,0.25)",569,0.11850897137993532,0.5364267619492077,0.546572934973638,0.01014617302443026,0.0031164216685787226,0.0027064282405133396
rank_trend_diff,2017,"[0.25,1000000000.0)",648,0.6506987134949724,0.555176227087333,0.5570987654320988,0.0019225383447657575,-0.012905155154661924,0.01646004832000419
rank_trend_diff,2018,all,2746,-0.010368604209814893,0.5110607409162002,0.5214857975236707,0.010425056607470581,0.007828881615830775,0.004874487811782183
rank_trend_diff,2018,zero,299,0.0,0.5289317479320067,0.5551839464882943,0.02625219855628753,0.0,0.0
rank_trend_diff,2018,"[-1000000000.0,-0.25)",646,-0.6651761026330378,0.4859646163069993,0.46904024767801855,-0.016924368628980748,0.003936552387173167,0.014920192787473195
rank_trend_diff,2018,"[-0.25,0)",593,-0.11583736086584659,0.49117586393909307,0.4856661045531197,-0.0055097593859733205,-0.000809661558595013,0.002658844478171188
rank_trend_diff,2018,"[0,0.25)",571,0.11398833870231423,0.5272113858992731,0.542907180385289,0.015695794486015907,0.0027179340324201082,0.002614238738641008
rank_trend_diff,2018,"[0.25,1000000000.0)",637,0.6355349901651748,0.5321570975283,0.5729984301412873,0.04084133261298728,0.028074230842531245,0.014165284988569397
rank_trend_diff,2019,all,2525,0.007243295609624073,0.5118595952932837,0.5100990099009901,-0.0017605853922935985,0.0029516451488143004,0.004469001364449154
rank_trend_diff,2019,zero,276,0.0,0.4919405736175175,0.5108695652173914,0.01892899159987384,0.0,0.0
rank_trend_diff,2019,"[-1000000000.0,-0.25)",563,-0.5733913576562719,0.4786872489560724,0.4724689165186501,-0.006218332437422246,0.008306953886334928,0.013584317943238763
rank_trend_diff,2019,"[-0.25,0)",593,-0.1164936169304809,0.5175242714727029,0.5025295109612141,-0.014994760511488738,0.0011730208669497397,0.0026072378048607255
rank_trend_diff,2019,"[0,0.25)",529,0.11424681722437863,0.5334386631599422,0.5519848771266541,0.018546213966712015,0.003425308950358337,0.0027172512043456
rank_trend_diff,2019,"[0.25,1000000000.0)",564,0.6201290856433702,0.5285248454608433,0.5159574468085106,-0.01256739865233267,0.00047606232962550904,0.014243845253627447
