id	date	tier	tour	group	hypothesis	change	budget_min	d_tune	se_tune	d_val	se_val	yrs_pos	verdict	git	clock	notes
R3-004-wta	2026-07-09	2	wta	feat	rankord: raw ordinal-rank difference with current rankings state mirror	features.py+predict.py+pipeline parity tests; zero-column schema control	45	+0.00017	0.00012	-0.00024	0.00014	11/17	REJECT	reverted:cba2ded	19:40-19:47	WTA-first gate failed: validation loss -1.7 SE with 2024/2025 t -2.9/-3.0; ATP arm skipped because target tour failed. Full d +0.00002+/-0.00009; OOS pickles retained under output/tuning.
R3-002	2026-07-09	1	wta	point	srrp: rate-conditioned low-sample serve prior changes p_point without new combiner features	strength sweep 0.10/0.25/0.50/1.00/2.00; select 0.25 plateau center	30	+0.00009	0.00004	+0.00005	0.00005	-	PASS-comp	-	19:20-19:25	0.25 was smallest coherent setting, 6/7 val years positive; 0.50 was noisier (5/7), 1.00 regressed to 3/7, 2.00 negative both windows.
R3-003-wta	2026-07-09	2	wta	point	srrp: strength-0.25 rate-conditioned low-sample serve prior, full bagged arbiter	ServeReturnState rate accumulators; candidate feature frame rebuilt with SR params	45	+0.00004	0.00007	-0.00043	0.00010	8/17	REJECT	reverted:dc162ee	19:25-19:34	Component pass did not survive combiner retraining; 2022 d -0.00147 (t -6.1), full d -0.00013+/-0.00006. Candidate reset; OOS pickles retained under output/tuning.
R3-001-wta	2026-07-09	2	wta	feat	h2hr: 3-year rolling head-to-head difference, saved-state inference mirror	features.py+predict.py+parity tests; zero-column schema control	45	+0.00021	0.00008	+0.00005	0.00010	10/17	REJECT	reverted:670f435	18:46-19:16	WTA arm locally passed, but tour-agnostic feature cannot adopt: ATP failed. WTA full d +0.00015+/-0.00006.
R3-001-atp	2026-07-09	2	atp	feat	h2hr: 3-year rolling head-to-head difference, saved-state inference mirror	features.py+predict.py+parity tests; zero-column schema control	45	-0.00004	0.00006	-0.00014	0.00007	6/17	REJECT	reverted:670f435	18:46-19:16	Gate failed both windows; negative in 11/17 years. Full d -0.00008+/-0.00005. Candidate reset; OOS pickles retained under output/tuning.
R0-000	2026-07-06	-	both	-	baseline	incumbent adopted set	-	-	-	-	-	-	BASELINE	5c4d012	-	walk-forward 2010-2026: ATP 0.6958/0.5700/0.1947, WTA 0.6829/0.5878/0.2018 (acc/LL/Brier)
R0-001	2026-07-06	1	atp	elo	smoke: harness check via elo-plateau reconfirm	sweep tag _smoke, 30 trials	10	+0.00000	0.00000	+0.00000	0.00000	-	REJECT	-	-	best = incumbent anchor (tune 0.57130); top-5 all gate=no; expected honest negative — plateau stands
R1-001	2026-07-06	1	atp	feat	fp1: FeatureParams (fatigue/layoff/peak-age) never swept	sweep tag _fp1, 20 trials	60	+0.00168	0.00032	+0.00034	0.00032	-	PASS-comp	-	08:20-08:46	round R1 base 5180300, start 08:14 EDT; 5/5 gate=PASS, coherent cluster (fatigue~18, layoff~30-45, peak~28.7, form~210, wr~24-28); #10 best val +0.00044±0.00033; ATP tune-overfit precedent x3 -> Tier-2 required
R1-002	2026-07-06	1	wta	feat	fp1: FeatureParams sweep, WTA arm	sweep tag _fp1, 20 trials	60	+0.00089	0.00035	+0.00037	0.00046	-	PASS-comp	-	08:47-09:05	only #13 val-positive (marginal 0.8 SE); #12/#5 formal-pass but val-negative (decline-on-direction family); WTA pulls opposite to ATP (layoff ~360 = near range ceiling = flag ~off, peak 24.1 vs ATP 28.7); Tier-2 required
R1-003-atp	2026-07-06	2	atp	feat	fp1 arbiter: plateau-center FeatureParams vs incumbent, bagged full walk	fatigue 18, layoff 38, peak 28.7, form 210, wr 26 (center of #13/#10)	45	+0.00109	0.00026	-0.00006	0.00026	12/17	DECLINED	-	09:05-09:12	formal PASS, zero val carry: val years 3/7 positive, 2024 t=-2.5, val acc 0.6826->0.6818; 4th ATP tune-overfit instance; base arm bit-matched ab_lower_atp_arm_ro.pkl (baseline reproduces)
R1-003-wta	2026-07-06	2	wta	feat	fp1 arbiter: #13-rounded FeatureParams vs incumbent, bagged full walk	fatigue 33, layoff 360 (~flag off), peak 24, form 65, wr 23	45	+0.00084	0.00027	+0.00085	0.00038	13/17	ADOPT	fec0fb1	09:12-09:19	val gain == tune gain (no overfit signature), val years 5/7 positive, acc 0.6829->0.6836, Brier 0.2018->0.2015; config: FEAT_PARAM_OVERRIDES[wta] + form_days 90->65 in ELO_PARAM_OVERRIDES; 103 tests + ruff green
R1-004	2026-07-06	1	wta	xgb	pa5: xgb re-sweep under post-A5+fp1 feature values (adopted params predate both shifts)	sweep tag _pa5, 12 trials	120	+0.00052	0.00029	-0.00029	0.00038	-	REJECT	-	09:20-09:28	incumbent anchor #0 effectively unbeaten; best challenger #7 formal-pass but val-negative (decline-on-direction, no Tier-2 spent); optimum did NOT move after A5+fp1 — adopted params robust; cache invalidated pre-sweep (not param-keyed)
R1-005	2026-07-06	1	wta	feat	self-gen: fp2 — feat re-sweep anchored at NEW incumbent (fp1 had only 20 sparse trials in 5-D)	sweep tag _fp2, 20 trials	80	+0.00017	0.00022	-0.00062	0.00034	-	REJECT	-	09:29-09:52	0/5 gate; new incumbent unbeaten in its neighborhood (best challenger tune +0.8 SE, val negative) — fp1 adoption is a local optimum, not knife-edge; self-gen rejection 1/2. NOTE: a premature wall-clock stop was declared here on a bad elapsed-time estimate (actual 09:35 EDT ≈ 1.4h elapsed) — corrected, round continues
R1-006	2026-07-06	1	atp	xgb	self-gen: ATP xgb re-sweep under post-A5 feature values (prior rejections all predate A5; new data regime = PROGRAM's stated re-sweep exception)	sweep tag _pa5, 12 trials	120	+0.00092	0.00024	-0.00005	0.00024	-	REJECT	-	09:55-10:04	4th ATP xgb re-sweep, same shape post-A5: all top-5 val-negative (-0.00002..-0.00073), 3 formal passes all declined on direction; tune gains do not carry regardless of data regime. Self-gen rejection 2/2 + backlog exhausted -> STOP CONDITION 3, round ends (~2h elapsed, by the clock)
R2-001	2026-07-06	1	wta	feat	fp3: WTA feat re-sweep in widened layoff space (365->730; adopted layoff_days=360 sat at old ceiling)	sweep tag _fp3, 20 trials	30	+0.00038	0.00022	-0.00027	0.00034	-	REJECT	-	22:12-22:33	round R2 base cf241f8, start 22:10 EDT; anchor #0 unbeaten; best #5 (layoff 695) formal-pass but val-negative (2021 t=-4.3); #17 (layoff 493) d_tune=0.0000 — flag-off region flat, 360 was not an artificial ceiling; no Tier-2
R2-002-atp	2026-07-06	2	atp	feat	eloSx: explicit overall-minus-surface Elo gap column (elo_osgap_diff), bagged arbiter vs incumbent	features.py+predict.py @1f06d9b	35	-0.00028	0.00011	-0.00038	0.00010	6/17	REJECT	reverted:1f06d9b	22:36-22:44	capacity cost without signal (E1 box-score shape); base arm bit-reproduces incumbent (0.6958/0.5700/0.1947); tour-agnostic gate dead at ATP but WTA arm run for sconf prior
R2-002-wta	2026-07-06	2	wta	feat	eloSx: WTA arm of the same column	features.py+predict.py @1f06d9b	35	-0.00002	0.00010	-0.00032	0.00014	9/17	REJECT	reverted:1f06d9b	22:44-22:51	tune pure noise, val negative, per-year flapping — no signal on the WTA-motivated tour either; family verdict: explicit Elo recombinations add capacity cost only
R2-003-wta	2026-07-06	2	wta	feat	sconf: symmetric log_min_surf_matches gate (trees down-weight elo_surface_diff on thin surface history), bagged arbiter vs incumbent	features.py+predict.py+test stubs @d328688	35	+0.00013	0.00009	-0.00045	0.00012	8/17	REJECT	reverted:d328688	22:55-23:00	tune-era-only signal: positive 2012-19, negative EVERY val year 2021+ (2021 t=-4.1) — the 5th instance of the tune-overfit signature; ATP arm SKIPPED (motivating tour hard-failed val at -3.75 SE, adoption dead, no decision value); antisym diff variant stays shelved
R2-004	2026-07-06	2	wta	xgb	mty: combiner training-window floor 1991->2000/2005 (WTA 1990s rows may be net-negative under distribution drift)	none (walk_forward param; config constant only if adopted)	30	-0.00100	0.00029	+0.00056	0.00034	6/17	REJECT	-	23:02-23:07	both floors reject (2005: d_tune -0.00212, 5/17); gradient is informative: early test years hurt hardest (2012-15 t~-2.5, they lose the most training data), 2024-26 positive (t>+2.4) — drift is real but truncation overpays; the weighting version of this is closed (W1d do-not-retry); Tier-0 probe: R2-002/R2-003 bases bit-identical (reproducibility reconfirmed)
R2-005	2026-07-06	2	wta	xgb	tierw: per-tier sample weighting in combiner folds (tier_k^alpha, alpha 2/4, mean-normalized) — upweight slam/masters rows	none (driver monkeypatches _fit_fold; config only if adopted)	30	-0.00046	0.00014	-0.00047	0.00017	2/17	REJECT	-	23:09-23:14	alpha=2 uniformly negative (2/17), alpha=4 monotonically worse (d_tune -0.00128) — direction dead, no ATP arm; side-note: acc UP (+0.17pp val) while LL down = sharper but miscalibrated, gate metric is LL; importance-weighting family now 0-for-2 with W1d
R2-006	2026-07-06	2	both	xgb	pooled: single ATP+WTA combiner with is_wta flag (WTA borrows ATP capacity), WTA-tuned params, per-tour extraction vs incumbents	none (driver-only: in-memory feature append + pooled walk)	30	-0.00486	0.00045	-0.00578	0.00046	6/17 max0.027	REJECT	-	23:16-23:24	WTA rows catastrophic (d shown), ATP rows d_tune +0.00222 / d_val -0.00387 with ±32 SE per-year flapping — textbook training-distribution contamination (A5-full precedent); is_wta flag does not rescue it. 5th consecutive Tier-2 REJECT -> STOP CONDITION 2 (plateau), round ends 23:24 EDT (~1.2h by the clock)
P3-baseline-atp	2026-09-06	2	atp	baseline	Corrected frozen five-bag incumbent; no tuning	none	-	-	-	-	-	-	BASELINE	8be9d74	19:02:09–19:04:49 EDT	n=46195; LL=0.57395418; Brier=0.19633408; wall=160.45s; pre-fit registration trialBudget=1; no retrospective wall budget; exact feature/2010/2026 reproduction and saved-model audits passed; see phase3-review
P3-baseline-wta	2026-09-06	2	wta	baseline	Corrected frozen five-bag incumbent; no tuning	none	-	-	-	-	-	-	BASELINE	8be9d74	19:05:09–19:07:05 EDT	n=42197; LL=0.59358598; Brier=0.20440310; wall=115.86s; pre-fit registration trialBudget=1; no retrospective wall budget; exact feature/2010/2026 reproduction and saved-model audits passed; see phase3-review
P4-dyn-tune-01	2026-09-06	screen	wta	uncertainty	One filtered Gaussian strength signal improves tune-era log loss	sigma0=0.5; q=1e-06; 43 research columns; five bags	45-grid	+0.000158361	0.000105939	-	-	-	SCREENED	8c4792f	23:20:33–23:21:25 EDT	n=26794; 51.71s; tune-only; pre-fit JSON registration; TSV index appended after completion; no validation selection
P4-dyn-tune-02	2026-09-06	screen	wta	uncertainty	One filtered Gaussian strength signal improves tune-era log loss	sigma0=0.5; q=1e-05; 43 research columns; five bags	45-grid	+0.000165526	0.000094424	-	-	-	SCREENED	8c4792f	23:21:26–23:22:23 EDT	n=26794; 56.52s; tune-only; pre-fit JSON registration; TSV index appended after completion; no validation selection
P4-dyn-tune-03	2026-09-06	screen	wta	uncertainty	One filtered Gaussian strength signal improves tune-era log loss	sigma0=0.5; q=0.0001; 43 research columns; five bags	45-grid	+0.000186466	0.000100333	-	-	-	SCREENED	8c4792f	23:22:25–23:23:14 EDT	n=26794; 49.11s; tune-only; pre-fit JSON registration; TSV index appended after completion; no validation selection
P4-dyn-tune-04	2026-09-06	screen	wta	uncertainty	One filtered Gaussian strength signal improves tune-era log loss	sigma0=0.5; q=0.001; 43 research columns; five bags	45-grid	+0.000132387	0.000201419	-	-	-	SCREENED	8c4792f	23:23:16–23:24:08 EDT	n=26794; 52.37s; tune-only; pre-fit JSON registration; TSV index appended after completion; no validation selection
P4-dyn-tune-05	2026-09-06	screen	wta	uncertainty	One filtered Gaussian strength signal improves tune-era log loss	sigma0=1.0; q=1e-06; 43 research columns; five bags	45-grid	+0.000057790	0.000086699	-	-	-	SCREENED	8c4792f	23:24:10–23:25:00 EDT	n=26794; 50.01s; tune-only; pre-fit JSON registration; TSV index appended after completion; no validation selection
P4-dyn-tune-06	2026-09-06	screen	wta	uncertainty	One filtered Gaussian strength signal improves tune-era log loss	sigma0=1.0; q=1e-05; 43 research columns; five bags	45-grid	-0.000064030	0.000079950	-	-	-	SCREENED	8c4792f	23:25:01–23:25:51 EDT	n=26794; 49.33s; tune-only; pre-fit JSON registration; TSV index appended after completion; no validation selection
P4-dyn-tune-07	2026-09-06	screen	wta	uncertainty	One filtered Gaussian strength signal improves tune-era log loss	sigma0=1.0; q=0.0001; 43 research columns; five bags	45-grid	+0.000302865	0.000104815	-	-	-	SELECTED-tune	8c4792f	23:25:52–23:26:43 EDT	n=26794; 50.86s; tune-only; pre-fit JSON registration; TSV index appended after completion; no validation selection
P4-dyn-tune-08	2026-09-06	screen	wta	uncertainty	One filtered Gaussian strength signal improves tune-era log loss	sigma0=1.0; q=0.001; 43 research columns; five bags	45-grid	+0.000282949	0.000212103	-	-	-	SCREENED	8c4792f	23:26:45–23:27:38 EDT	n=26794; 53.41s; tune-only; pre-fit JSON registration; TSV index appended after completion; no validation selection
P5-dyn-wta	2026-09-06	2	wta	uncertainty	Tune-selected Gaussian strength signal passes unchanged paired arbiter	sigma0=1; q=0.0001; five bags; actual WTA threshold-32 policy	20	+0.000302865	0.000104815	+0.000239993	0.000127945	12/17	PASS-gate-DEFER-adoption	8c4792f	23:28:02–23:29:18 EDT	n=42422; validation n=15628; week 95% interval crosses zero; accuracy down 0.173pp; selected tune probabilities exact; no production integration or deployment
P4-maint-baseline-atp	2026-09-06	2	atp	baseline	Rebuild unchanged incumbent on independently repaired population	reviewed population maintenance only	-	-	-	-	-	-	BASELINE	1fbe42a	22:56:42–22:59:16 EDT	n=46195; LL=0.573954181571; wall=153.71s; pre-fit JSON registration, TSV index appended afterward; repaired population v7/chronology v2; no candidate tuning; strict final and temporal parity passed; see maintenance-review; probabilities bit-exact to Phase 3
P4-maint-baseline-wta	2026-09-06	2	wta	baseline	Rebuild unchanged incumbent on independently repaired population	reviewed population maintenance only	-	-	-	-	-	-	BASELINE	1fbe42a	23:00:08–23:04:10 EDT	n=42422; LL=0.593061888797; wall=242.64s; pre-fit JSON registration, TSV index appended afterward; repaired population v7/chronology v2; no candidate tuning; strict final and temporal parity passed; see maintenance-review
P6-shadow-registration	2026-09-07	QA	wta	serving	Fixed selected candidate reproduces and has strict offline serving	shared dispatch plus explicit WTA shadow artifact	20	-	-	-	-	-	REGISTERED	250693c	12:52:39 EDT	Pre-fit registration; source frozen; exact all-fold reproduction and final fit once; no reselection; completion will append a separate linked record.
P6-shadow-complete	2026-09-07	QA	wta	serving	Fixed selected candidate reproduces and has strict offline serving	shared dispatch plus explicit WTA shadow artifact	20	-	-	-	-	-	PASS-QA-DEFER-adoption	250693c	12:52:41–12:54:40 EDT	Completes P6-shadow-registration; all 42422 rows/17 folds bit-exact; 1352 tests; 435-pair serving parity; matrix30 +10.8%; no new performance evidence, reselection or production deployment.
P7-runner-migration-registration	2026-09-07	QA	wta	serving	Migrate the same fixed candidate to the tested mixed-format runner	new runner source boundary only	1	-	-	-	-	-	REGISTERED	89002bc	2026-09-08T00:12:38.044016+00:00	Pre-fit registration; source and inputs frozen; no reselection, live forecasts, adoption or deployment; exact old-runtime control and synthetic runner QA required.
P7-runner-migration-complete	2026-09-07	QA	wta	serving	Migrate the same fixed candidate to the tested mixed-format runner	new runner source boundary only	1	-	-	-	-	-	PASS-QA-DEFER-adoption	89002bc	2026-09-08T00:13:52Z	Completes P7-runner-migration-registration; all 129209 selected fitted outputs, boosters, calibrator, dynamic states and six dated matrices exact; 1411 tests; synthetic capture/grade/endpoint accepted; zero real forecasts or live activation.
P8-source-audit-complete	2026-09-07	QA	wta	sources	Current feeds can supply auditable prospective timing evidence	external bounded acquisition and diagnostic conversion	-	-	-	-	-	-	PASS-engineering-LIVE-unmet	c9b5b17	2026-09-08T00:50:28.777519+00:00	Six successful public reads; 42 new tests, 187 focused passed; 119 common completed results, zero verified actual times; two synthetic QA captures, zero graded; no model fitting or activation; next typed time-bound evidence protocol.
P9-time-evidence-complete	2026-09-07	QA	wta	evidence	Typed time bounds preserve pre-play eligibility without exact finish stamps	external v2 evaluator and completion-bound producer	-	-	-	-	-	-	PASS-engineering-LIVE-unmet	10c07ee	2026-09-08T01:57:53.541433+00:00	58 new tests; 231 focused passed; retained 119 completion bounds, zero qualified starts; full-size main/lower synthetic QA 2 graded; zero fits or new live reads; live registration refused before files.
P10-start-source-complete	2026-09-07	sources	wta	evidence	Public point timelines can qualify an actual-start lower bound	bounded first-party source investigation; no implementation	-	-	-	-	-	-	AUDIT-complete-LIVE-unmet	base:129f811	2026-09-08T02:44:00.402262+00:00	18 HTTP reads retained; two US Open histories, one has 114/118 reversed point intervals; two WTA point 404s and empty events; zero qualified starts, fits or forecasts; 443 prior run files and frozen package/models exact; next concrete published-order qualification; no provider access or account action.
P11-free-source-complete	2026-09-07	sources	wta	evidence	Public official schedules offer a no-cost collection route	six preserved HTTP responses and private schedule extractor	-	-	-	-	-	-	SCRAPE-demonstrated-LIVE-unmet	base:2e50cb5	2026-09-08T03:00:46.655590+00:00	132 rows across two days; six WTA singles: one explicit not-before, five first-session; two early schedule observations, zero forecasts/qualified actual starts; current free plans compared; 500 prior run files and frozen package/models exact; next source-specific revision collection; no account or production change.
P12-official-schedule-complete	2026-09-07	sources	wta	evidence	Immutable official orders provide usable schedule revision evidence	external source-specific US Open collector	-	-	-	-	-	-	PASS-engineering-LIVE-unmet	cda5393	2026-09-08T03:27:18.941405+00:00	46 new tests; 146 focused passed; two live reads succeeded; six WTA matches/eight versions, zero actual revisions or qualified starts; 526 prior run files and frozen package/models preserved; manual collector implemented, no unattended cadence, forecasts, fits, accounts or production change.
P13-official-link-complete	2026-09-08	sources	wta	identity	Official full draws corroborate event and strict match identities	external US Open identity audit; retrospective schedule association	-	-	-	-	-	-	PASS-engineering-LIVE-unmet	aab6ed0	2026-09-08T04:43:42.247703+00:00	29 new tests; 175 focused passed; four successful reads; 119 shared results, 100 strict links, 23 number-disagreement exclusions; ten schedule versions associated, zero revisions/starts/forecasts; 553 prior files preserved; seven pending US Open matches cannot fill 200-pair coverage; no model/production change.
P14-wta-coverage-complete	2026-09-08	sources	wta	coverage	Official WTA orders and calendar support broader prospective source planning	external WTA order observer and bounded calendar planner	-	-	-	-	-	-	PASS-engineering-LIVE-unmet	b6df856	2026-09-08T05:55:11.812780+00:00	62 new tests; 237 focused passed; eight retained successful HTTP responses; future ceiling 116 fully contained + 95 partial Beijing; 155 occurrences/151 matches across two editions, zero temporal revisions/qualified starts/forecasts; 572 prior files preserved plus 34 new = 606; no model or production change.
P15-wta-lifecycle-complete	2026-09-08	sources	wta	timing	Official WTA tournament events expose reported lifecycle stages	external full-record WTA event timeline audit	-	-	-	-	-	-	PASS-engineering-LIVE-unmet	f355253	2026-09-08T13:44:02.934236+00:00	59 new tests; 296 focused passed; six retained HTTP reads (4x200, 2x404); 405 event records/255 scoring records, two internally consistent reported starts but zero physical qualifications/forecasts; current order unchanged; 606 prior files preserved + 29 new = 635; no model/production change.
P16-timing-contract-complete	2026-09-08	sources	wta	timing-contract	Primary rules and field dictionaries do not qualify public event clocks	document review and independent timing calibration protocol	-	-	-	-	-	-	PASS-research-LIVE-unmet	27cc95a	2026-09-08T14:03:31.807592+00:00	Four retained primary reads; nine PDF pages inspected; no code/test changes; two prior event reports replayed; zero qualified starts; 635 prior files preserved + 29 new = 664; independent witness and live versions remain prerequisites; no model/production change.
HIST-01-absence-neutral	2026-09-08	historical	wta	new-mechanism	Unseen players have no observed absence, but current context assigns 365 days. Neutralize the pair rest/log-days/layoff fields whenever either player has no prior recorded appearance; keep real returners unchanged.	{}	30	-	-	-	-	-	REGISTERED	0214834	2026-09-08T14:57:58.958551+00:00	Tune-only shortlist frozen; no new validation opened.
HIST-02-point-cap-40	2026-09-08	historical	wta	new-mechanism	Cap each player-match contribution to global/surface serve and return accumulators at 40 effective points, preserving its observed point rate and unchanged prior population/parameters. This changes relative influence of long versus short matches, not combiner row weights.	{'cap': 40}	30	-	-	-	-	-	REGISTERED	0214834	2026-09-08T14:57:58.958551+00:00	Tune-only shortlist frozen; no new validation opened.
HIST-03-point-cap-80	2026-09-08	historical	wta	new-mechanism	Same per-match effective-point cap, weaker fixed variant.	{'cap': 80}	30	-	-	-	-	-	REGISTERED	0214834	2026-09-08T14:57:58.958551+00:00	Tune-only shortlist frozen; no new validation opened.
HIST-01-absence-neutral-tune	2026-09-08	paired-tune	wta	absence-neutral	Remove artificial absence for first recorded appearances	three existing features; no new columns	30	-6.142991349885395e-05	9.630401198441757e-05	-	-	4/10	REJECT	814def6	2026-09-08T15:04:54.527295+00:00	Negative tune log loss; no validation; actual seconds=40.11307770793792
HIST-02-point-cap-40-tune	2026-09-08	paired-tune	wta	point-cap	Cap per-match serve/return evidence at40	player-state evidence cap	30	8.425520866537034e-05	0.00011880963856438683	-	-	6/10	DECLINED-TUNE	814def6	2026-09-08T15:05:40.442377+00:00	No validation; firstHalf=0.000297468180845982 secondHalf=-0.0001308440381229272; actual seconds=45.83574833290186
HIST-03-point-cap-80-tune	2026-09-08	paired-tune	wta	point-cap	Cap per-match serve/return evidence at80	player-state evidence cap	30	-2.509303464052096e-05	6.523038638999905e-05	-	-	4/10	REJECT	814def6	2026-09-08T15:06:26.307522+00:00	Negative tune loss; no finalist selected; no validation or ATP fits; actual seconds=45.806298375013284
SIGNAL-01-registered	2026-09-08	historical	wta	temporal-state	recent_surprise_diff	one new antisymmetric feature; fixed state and query mirror	30	-	-	-	-	-	REGISTERED	755342d	2026-09-08T16:00:12.711721+00:00	26,794 tune rows; 5 bags; threshold32; one finalist; no new candidate validation
SIGNAL-02-registered	2026-09-08	historical	wta	temporal-state	surface_recent_diff	one new antisymmetric feature; fixed state and query mirror	30	-	-	-	-	-	REGISTERED	755342d	2026-09-08T16:00:12.711721+00:00	26,794 tune rows; 5 bags; threshold32; one finalist; no new candidate validation
SIGNAL-03-registered	2026-09-08	historical	wta	temporal-state	rank_trend_diff	one new antisymmetric feature; fixed state and query mirror	30	-	-	-	-	-	REGISTERED	755342d	2026-09-08T16:00:12.711721+00:00	26,794 tune rows; 5 bags; threshold32; one finalist; no new candidate validation
SIGNAL-01-tune-01	2026-09-08	paired-tune	wta	temporal-signal	recent_surprise_diff	single new state feature; same incumbent folds and five bags	30	0.00023052663477445806	0.00011456039508368348	-	-	5/10	DECLINED-unstable	755342d	2026-09-08T16:04:37.920148+00:00	firstHalf=0.0004052154277602102; secondHalf=5.4292386879999955e-05; accuracyDeltaPP=-0.026125251922071158; actualSeconds=38.86214354110416
SIGNAL-02-tune-02	2026-09-08	paired-tune	wta	temporal-signal	surface_recent_diff	single new state feature; same incumbent folds and five bags	30	0.0006974309330678479	0.00020834714989779294	-	-	8/10	TUNE-ELIGIBLE	755342d	2026-09-08T16:05:41.226774+00:00	firstHalf=0.0005734845417645261; secondHalf=0.0008224738661445835; accuracyDeltaPP=-0.01866089423004924; actualSeconds=37.78789062506985
